name,height,weight,birthDate,draftRound,draftOverall,draftYear,undrafted
Jeff Adrien,6-7,245lb,1986-02-10,-1,-1,-1,True
Arron Afflalo,6-5,210lb,1985-10-15,1st,27th,2007,False
Blake Ahearn,6-2,190lb,1984-05-27,-1,-1,-1,True
Solomon Alabi,7-1,251lb,1988-03-21,2nd,50th,2010,False
Cole Aldrich,6-11,250lb,1988-10-31,1st,11th,2010,False
LaMarcus Aldridge,6-11,250lb,1985-07-19,1st,2nd,2006,False
Lavoy Allen,6-9,260lb,1989-02-04,2nd,50th,2011,False
Ray Allen,6-5,205lb,1975-07-20,1st,5th,1996,False
Tony Allen,6-4,213lb,1982-01-11,1st,25th,2004,False
Morris Almond,6-6,225lb,1985-02-02,1st,25th,2007,False
Al-Farouq Aminu,6-8,220lb,1990-09-21,1st,8th,2010,False
Lou Amundson,6-9,220lb,1982-12-07,-1,-1,-1,True
Chris Andersen,6-10,245lb,1978-07-07,-1,-1,-1,True
Alan Anderson,6-6,220lb,1982-10-16,-1,-1,-1,True
James Anderson,6-6,213lb,1989-03-25,1st,20th,2010,False
Ryan Anderson,6-9,240lb,1988-05-06,1st,21st,2008,False
Carmelo Anthony,6-7,238lb,1984-05-29,1st,3rd,2003,False
Joel Anthony,6-9,245lb,1982-08-09,-1,-1,-1,True
Gilbert Arenas,6-4,191lb,1982-01-06,2nd,31st,2001,False
Trevor Ariza,6-8,215lb,1985-06-30,2nd,43rd,2004,False
Ömer Aşık,7-0,255lb,1986-07-04,2nd,36th,2008,False
D.J. Augustin,5-11,183lb,1987-11-10,1st,9th,2008,False
Gustavo Ayón,6-10,250lb,1985-04-01,-1,-1,-1,True
Jeff Ayres,6-9,240lb,1987-04-29,2nd,31st,2009,False
Kelenna Azubuike,6-5,220lb,1983-12-16,-1,-1,-1,True
Luke Babbitt,6-9,225lb,1989-06-20,1st,16th,2010,False
Renaldo Balkman,6-8,208lb,1984-07-14,1st,20th,2006,False
Leandro Barbosa,6-3,194lb,1982-11-28,1st,28th,2003,False
J.J. Barea,5-10,180lb,1984-06-26,-1,-1,-1,True
Andrea Bargnani,7-0,245lb,1985-10-26,1st,1st,2006,False
Matt Barnes,6-7,226lb,1980-03-09,2nd,46th,2002,False
Earl Barron,7-0,250lb,1981-08-14,-1,-1,-1,True
Brandon Bass,6-8,250lb,1985-04-30,2nd,33rd,2005,False
Tony Battie,6-11,230lb,1976-02-11,1st,5th,1997,False
Shane Battier,6-8,220lb,1978-09-09,1st,6th,2001,False
Nicolas Batum,6-8,230lb,1988-12-14,1st,25th,2008,False
Jerryd Bayless,6-3,200lb,1988-08-20,1st,11th,2008,False
Michael Beasley,6-9,235lb,1989-01-09,1st,2nd,2008,False
Rodrigue Beaubois,6-0,170lb,1988-02-24,1st,25th,2009,False
Marco Belinelli,6-5,220lb,1986-03-25,1st,18th,2007,False
Raja Bell,6-5,204lb,1976-09-19,-1,-1,-1,True
Keith Benson,6-11,240lb,1988-08-13,2nd,48th,2011,False
Mike Bibby,6-1,190lb,1978-05-13,1st,2nd,1998,False
Andris Biedriņš,6-11,240lb,1986-04-02,1st,11th,2004,False
Chauncey Billups,6-3,202lb,1976-09-25,1st,3rd,1997,False
Bismack Biyombo,6-8,255lb,1992-08-28,1st,7th,2011,False
DeJuan Blair,6-7,270lb,1989-04-22,2nd,37th,2009,False
Steve Blake,6-3,172lb,1980-02-26,2nd,38th,2003,False
Andray Blatche,6-11,235lb,1986-08-22,2nd,49th,2005,False
Eric Bledsoe,6-1,214lb,1989-12-09,1st,18th,2010,False
Keith Bogans,6-5,215lb,1980-05-12,2nd,43rd,2003,False
Andrew Bogut,7-0,260lb,1984-11-28,1st,1st,2005,False
Matt Bonner,6-10,235lb,1980-04-05,2nd,45th,2003,False
Trevor Booker,6-8,228lb,1987-11-25,1st,23rd,2010,False
Carlos Boozer,6-9,258lb,1981-11-20,2nd,35th,2002,False
Chris Bosh,6-11,235lb,1984-03-24,1st,4th,2003,False
Earl Boykins,5-5,135lb,1976-06-02,-1,-1,-1,True
Craig Brackins,6-10,230lb,1987-10-09,1st,21st,2010,False
Avery Bradley,6-3,180lb,1990-11-26,1st,19th,2010,False
Elton Brand,6-8,275lb,1979-03-11,1st,1st,1999,False
Corey Brewer,6-9,186lb,1986-03-05,1st,7th,2007,False
Ronnie Brewer,6-7,220lb,1985-03-20,1st,14th,2006,False
Jon Brockman,6-7,255lb,1987-03-20,2nd,38th,2009,False
MarShon Brooks,6-5,200lb,1989-01-26,1st,25th,2011,False
Derrick Brown,6-7,225lb,1987-09-08,2nd,40th,2009,False
Kwame Brown,6-11,270lb,1982-03-10,1st,1st,2001,False
Shannon Brown,6-4,205lb,1985-11-29,1st,25th,2006,False
Kobe Bryant,6-6,212lb,1978-08-23,1st,13th,1996,False
Chase Budinger,6-7,209lb,1988-05-22,2nd,44th,2009,False
Alec Burks,6-6,214lb,1991-07-20,1st,12th,2011,False
Caron Butler,6-7,228lb,1980-03-13,1st,10th,2002,False
Jimmy Butler,6-7,230lb,1989-09-14,1st,30th,2011,False
Rasual Butler,6-7,215lb,1979-05-23,2nd,53rd,2002,False
Derrick Byars,6-7,220lb,1984-04-25,2nd,42nd,2007,False
Andrew Bynum,7-0,285lb,1987-10-27,1st,10th,2005,False
Will Bynum,6-0,185lb,1983-01-04,-1,-1,-1,True
José Calderón,6-3,200lb,1981-09-28,-1,-1,-1,True
Marcus Camby,6-11,220lb,1974-03-22,1st,2nd,1996,False
Brian Cardinal,6-8,245lb,1977-05-02,2nd,44th,2000,False
DeMarre Carroll,6-6,215lb,1986-07-27,1st,27th,2009,False
Matt Carroll,6-6,212lb,1980-08-28,-1,-1,-1,True
Anthony Carter,6-1,190lb,1975-06-16,-1,-1,-1,True
Vince Carter,6-6,220lb,1977-01-26,1st,5th,1998,False
Omri Casspi,6-9,225lb,1988-06-22,1st,23rd,2009,False
Mario Chalmers,6-2,190lb,1986-05-19,2nd,34th,2008,False
Tyson Chandler,7-0,235lb,1982-10-02,1st,2nd,2001,False
Wilson Chandler,6-8,235lb,1987-05-10,1st,23rd,2007,False
Josh Childress,6-8,210lb,1983-06-20,1st,6th,2004,False
Earl Clark,6-10,225lb,1988-01-17,1st,14th,2009,False
Norris Cole,6-2,175lb,1988-10-13,1st,28th,2011,False
Jason Collins,7-0,255lb,1978-12-02,1st,18th,2001,False
Darren Collison,6-0,175lb,1987-08-23,1st,21st,2009,False
Nick Collison,6-10,255lb,1980-10-26,1st,12th,2003,False
Mike Conley,6-1,175lb,1987-10-11,1st,4th,2007,False
Brian Cook,6-9,234lb,1980-12-04,1st,24th,2003,False
Daequan Cook,6-5,205lb,1987-04-28,1st,21st,2007,False
DeMarcus Cousins,6-10,270lb,1990-08-13,1st,5th,2010,False
Jamal Crawford,6-5,185lb,1980-03-20,1st,8th,2000,False
Jordan Crawford,6-4,195lb,1988-10-23,1st,27th,2010,False
Dante Cunningham,6-8,230lb,1987-04-22,2nd,33rd,2009,False
Eddy Curry,7-0,295lb,1982-12-05,1st,4th,2001,False
Stephen Curry,6-2,185lb,1988-03-14,1st,7th,2009,False
Samuel Dalembert,6-11,255lb,1981-05-10,1st,26th,2001,False
Erick Dampier,6-11,265lb,1975-07-14,1st,10th,1996,False
Marquis Daniels,6-6,200lb,1981-01-07,-1,-1,-1,True
Baron Davis,6-3,209lb,1979-04-13,1st,3rd,1999,False
Ed Davis,6-9,218lb,1989-06-05,1st,13th,2010,False
Glen Davis,6-9,289lb,1986-01-01,2nd,35th,2007,False
Josh Davis,6-8,235lb,1980-08-10,-1,-1,-1,True
Eric Dawson,6-9,250lb,1984-07-07,-1,-1,-1,True
Austin Daye,6-11,220lb,1988-06-05,1st,15th,2009,False
Carlos Delfino,6-6,230lb,1982-08-29,1st,25th,2003,False
Luol Deng,6-9,237lb,1985-04-16,1st,7th,2004,False
Justin Dentmon,5-11,185lb,1985-09-05,-1,-1,-1,True
DeMar DeRozan,6-6,220lb,1989-08-07,1st,9th,2009,False
Boris Diaw,6-8,250lb,1982-04-16,1st,21st,2003,False
Ike Diogu,6-8,250lb,1983-09-11,1st,9th,2005,False
DeSagana Diop,7-0,300lb,1982-01-30,1st,8th,2001,False
Keyon Dooling,6-3,196lb,1980-05-08,1st,10th,2000,False
Toney Douglas,6-2,195lb,1986-03-16,1st,29th,2009,False
Goran Dragić,6-3,190lb,1986-05-06,2nd,45th,2008,False
Jared Dudley,6-6,237lb,1985-07-10,1st,22nd,2007,False
Chris Duhon,6-1,185lb,1982-08-31,2nd,38th,2004,False
Tim Duncan,6-11,250lb,1976-04-25,1st,1st,1997,False
Mike Dunleavy,6-9,230lb,1980-09-15,1st,3rd,2002,False
Kevin Durant,6-10,240lb,1988-09-29,1st,2nd,2007,False
Jerome Dyson,6-3,180lb,1987-05-01,-1,-1,-1,True
Devin Ebanks,6-9,215lb,1989-10-28,2nd,43rd,2010,False
Wayne Ellington,6-4,207lb,1987-11-29,1st,28th,2009,False
Monta Ellis,6-3,185lb,1985-10-26,2nd,40th,2005,False
Francisco Elson,7-0,235lb,1976-02-28,2nd,41st,1999,False
Andre Emmett,6-5,230lb,1982-08-27,2nd,35th,2004,False
Semih Erden,7-0,240lb,1986-07-28,2nd,60th,2008,False
Jeremy Evans,6-9,200lb,1987-10-24,2nd,55th,2010,False
Maurice Evans,6-5,220lb,1978-11-08,-1,-1,-1,True
Reggie Evans,6-8,245lb,1980-05-18,-1,-1,-1,True
Tyreke Evans,6-6,220lb,1989-09-19,1st,4th,2009,False
Christian Eyenga,6-5,210lb,1989-06-22,1st,30th,2009,False
Kenneth Faried,6-8,220lb,1989-11-19,1st,22nd,2011,False
Jordan Farmar,6-2,180lb,1986-11-30,1st,26th,2006,False
Derrick Favors,6-9,265lb,1991-07-15,1st,3rd,2010,False
Raymond Felton,6-1,205lb,1984-06-26,1st,5th,2005,False
Rudy Fernández,6-6,185lb,1985-04-04,1st,24th,2007,False
Kyrylo Fesenko,7-1,288lb,1986-12-24,2nd,38th,2007,False
Landry Fields,6-7,210lb,1988-06-27,2nd,39th,2010,False
Derek Fisher,6-1,200lb,1974-08-09,1st,24th,1996,False
Jonny Flynn,6-0,185lb,1989-02-06,1st,6th,2009,False
Jeff Foote,7-0,265lb,1987-07-14,-1,-1,-1,True
Gary Forbes,6-7,220lb,1985-02-25,-1,-1,-1,True
T.J. Ford,6-0,165lb,1983-03-24,1st,8th,2003,False
Courtney Fortson,5-11,185lb,1988-05-23,-1,-1,-1,True
Jeff Foster,6-11,236lb,1977-01-16,1st,21st,1999,False
Randy Foye,6-4,213lb,1983-09-24,1st,7th,2006,False
Jimmer Fredette,6-2,195lb,1989-02-25,1st,10th,2011,False
Enes Freedom,6-10,250lb,1992-05-20,1st,3rd,2011,False
Channing Frye,7-0,255lb,1983-05-17,1st,8th,2005,False
Dan Gadzuric,6-11,240lb,1978-02-02,2nd,34th,2002,False
Sundiata Gaines,6-1,185lb,1986-04-18,-1,-1,-1,True
Danilo Gallinari,6-10,233lb,1988-08-08,1st,6th,2008,False
Francisco García,6-7,195lb,1981-12-31,1st,23rd,2005,False
Kevin Garnett,6-11,240lb,1976-05-19,1st,5th,1995,False
Marc Gasol,6-11,255lb,1985-01-29,2nd,48th,2007,False
Pau Gasol,7-0,250lb,1980-07-06,1st,3rd,2001,False
Rudy Gay,6-8,250lb,1986-08-17,1st,8th,2006,False
Alonzo Gee,6-6,225lb,1987-05-29,-1,-1,-1,True
Paul George,6-8,220lb,1990-05-02,1st,10th,2010,False
Daniel Gibson,6-2,190lb,1986-02-27,2nd,42nd,2006,False
Taj Gibson,6-9,232lb,1985-06-24,1st,26th,2009,False
Manu Ginóbili,6-6,205lb,1977-07-28,2nd,57th,1999,False
Mickell Gladness,6-11,220lb,1986-07-26,-1,-1,-1,True
Ryan Gomes,6-7,250lb,1982-09-01,2nd,50th,2005,False
Drew Gooden,6-10,250lb,1981-09-24,1st,4th,2002,False
Ben Gordon,6-3,200lb,1983-04-04,1st,3rd,2004,False
Eric Gordon,6-3,215lb,1988-12-25,1st,7th,2008,False
Marcin Gortat,6-11,240lb,1984-02-17,2nd,57th,2005,False
Andrew Goudelock,6-3,200lb,1988-12-07,2nd,46th,2011,False
Danny Granger,6-9,222lb,1983-04-20,1st,17th,2005,False
Aaron Gray,7-0,270lb,1984-12-07,2nd,49th,2007,False
Danny Green,6-6,215lb,1987-06-22,2nd,46th,2009,False
Gerald Green,6-6,205lb,1986-01-26,1st,18th,2005,False
Willie Green,6-4,200lb,1981-07-28,2nd,41st,2003,False
Donté Greene,6-11,226lb,1988-02-21,1st,28th,2008,False
Blake Griffin,6-9,250lb,1989-03-16,1st,1st,2009,False
Hamed Haddadi,7-2,254lb,1985-05-19,-1,-1,-1,True
Jordan Hamilton,6-7,220lb,1990-10-06,1st,26th,2011,False
Richard Hamilton,6-6,185lb,1978-02-14,1st,7th,1999,False
Tyler Hansbrough,6-9,250lb,1985-11-03,1st,13th,2009,False
Luke Harangody,6-8,246lb,1988-01-02,2nd,52nd,2010,False
James Harden,6-5,220lb,1989-08-26,1st,3rd,2009,False
Justin Harper,6-10,225lb,1989-08-30,2nd,32nd,2011,False
Josh Harrellson,6-10,275lb,1989-02-12,2nd,45th,2011,False
Al Harrington,6-9,230lb,1980-02-17,1st,25th,1998,False
Devin Harris,6-3,185lb,1983-02-27,1st,5th,2004,False
Manny Harris,6-5,185lb,1989-09-21,-1,-1,-1,True
Terrel Harris,6-5,190lb,1987-08-10,-1,-1,-1,True
Tobias Harris,6-8,226lb,1992-07-15,1st,19th,2011,False
Udonis Haslem,6-8,235lb,1980-06-09,-1,-1,-1,True
Spencer Hawes,7-1,245lb,1988-04-28,1st,10th,2007,False
Chuck Hayes,6-6,240lb,1983-06-11,-1,-1,-1,True
Gordon Hayward,6-7,225lb,1990-03-23,1st,9th,2010,False
Lazar Hayward,6-6,225lb,1986-11-26,1st,30th,2010,False
Brendan Haywood,7-0,268lb,1979-11-27,1st,20th,2001,False
Gerald Henderson,6-5,215lb,1987-12-09,1st,12th,2009,False
Xavier Henry,6-6,220lb,1991-03-15,1st,12th,2010,False
Roy Hibbert,7-2,270lb,1986-12-11,1st,17th,2008,False
J.J. Hickson,6-9,242lb,1988-09-04,1st,19th,2008,False
Cory Higgins,6-5,180lb,1989-06-14,-1,-1,-1,True
Nenê,6-11,250lb,1982-09-13,1st,7th,2002,False
George Hill,6-4,188lb,1986-05-04,1st,26th,2008,False
Grant Hill,6-8,225lb,1972-10-05,1st,3rd,1994,False
Jordan Hill,6-10,235lb,1987-07-27,1st,8th,2009,False
Kirk Hinrich,6-4,190lb,1981-01-02,1st,7th,2003,False
Darington Hobson,6-7,210lb,1987-09-29,2nd,37th,2010,False
Jrue Holiday,6-3,205lb,1990-06-12,1st,17th,2009,False
Ryan Hollins,7-0,240lb,1984-10-10,2nd,50th,2006,False
Tyler Honeycutt,6-8,188lb,1990-07-15,2nd,35th,2011,False
Al Horford,6-9,240lb,1986-06-03,1st,3rd,2007,False
Dennis Horner,6-9,230lb,1988-02-05,-1,-1,-1,True
Dwight Howard,6-10,265lb,1985-12-08,1st,1st,2004,False
Josh Howard,6-7,210lb,1980-04-28,1st,29th,2003,False
Juwan Howard,6-9,240lb,1973-02-07,1st,5th,1994,False
Lester Hudson,6-3,190lb,1984-08-07,2nd,58th,2009,False
Larry Hughes,6-5,184lb,1979-01-23,1st,8th,1998,False
Kris Humphries,6-9,235lb,1985-02-06,1st,14th,2004,False
Serge Ibaka,6-10,235lb,1989-09-18,1st,24th,2008,False
Andre Iguodala,6-6,215lb,1984-01-28,1st,9th,2004,False
Ersan İlyasova,6-9,235lb,1987-05-15,2nd,36th,2005,False
Kyrie Irving,6-2,195lb,1992-03-23,1st,1st,2011,False
Royal Ivey,6-3,200lb,1981-12-20,2nd,37th,2004,False
Jarrett Jack,6-3,200lb,1983-10-28,1st,22nd,2005,False
Reggie Jackson,6-2,208lb,1990-04-16,1st,24th,2011,False
Stephen Jackson,6-8,218lb,1978-04-05,2nd,42nd,1997,False
Damion James,6-7,225lb,1987-10-07,1st,24th,2010,False
LeBron James,6-9,250lb,1984-12-30,1st,1st,2003,False
Mike James,6-2,188lb,1975-06-23,-1,-1,-1,True
Antawn Jamison,6-8,223lb,1976-06-12,1st,4th,1998,False
Al Jefferson,6-10,289lb,1985-01-04,1st,15th,2004,False
Richard Jefferson,6-7,233lb,1980-06-21,1st,13th,2001,False
Jared Jeffries,6-11,230lb,1981-11-25,1st,11th,2002,False
Charles Jenkins,6-3,220lb,1989-02-28,2nd,44th,2011,False
Brandon Jennings,6-1,170lb,1989-09-23,1st,10th,2009,False
Jonas Jerebko,6-10,231lb,1987-03-02,2nd,39th,2009,False
Yi Jianlian,7-0,240lb,1987-10-27,1st,6th,2007,False
Amir Johnson,6-9,240lb,1987-05-01,2nd,56th,2005,False
Armon Johnson,6-3,195lb,1989-02-23,2nd,34th,2010,False
Carldell Johnson,5-10,180lb,1983-01-28,-1,-1,-1,True
Chris Johnson,6-11,210lb,1985-07-15,-1,-1,-1,True
Ivan Johnson,6-8,230lb,1984-04-10,-1,-1,-1,True
JaJuan Johnson,6-10,221lb,1989-02-08,1st,27th,2011,False
James Johnson,6-7,240lb,1987-02-20,1st,16th,2009,False
Joe Johnson,6-7,240lb,1981-06-29,1st,10th,2001,False
Trey Johnson,6-5,218lb,1984-08-30,-1,-1,-1,True
Wesley Johnson,6-7,215lb,1987-07-11,1st,4th,2010,False
Dahntay Jones,6-6,225lb,1980-12-27,1st,20th,2003,False
Dominique Jones,6-4,215lb,1988-10-15,1st,25th,2010,False
James Jones,6-8,218lb,1980-10-04,2nd,49th,2003,False
Solomon Jones,6-10,230lb,1984-07-16,2nd,33rd,2006,False
DeAndre Jordan,6-11,265lb,1988-07-21,2nd,35th,2008,False
Jerome Jordan,7-0,253lb,1986-09-29,2nd,44th,2010,False
Cory Joseph,6-3,200lb,1991-08-20,1st,29th,2011,False
Chris Kaman,7-0,265lb,1982-04-28,1st,6th,2003,False
Jason Kapono,6-8,213lb,1981-02-04,2nd,31st,2003,False
D.J. Kennedy,6-6,215lb,1989-11-05,-1,-1,-1,True
Jason Kidd,6-4,205lb,1973-03-23,1st,2nd,1994,False
Linas Kleiza,6-8,245lb,1985-01-03,1st,27th,2005,False
Brandon Knight,6-2,182lb,1991-12-02,1st,8th,2011,False
Kyle Korver,6-7,212lb,1981-03-17,2nd,51st,2003,False
Kosta Koufos,7-0,245lb,1989-02-24,1st,23rd,2008,False
Carl Landry,6-9,248lb,1983-09-19,2nd,31st,2007,False
Ty Lawson,5-11,195lb,1987-11-03,1st,18th,2009,False
Courtney Lee,6-5,215lb,1985-10-03,1st,22nd,2008,False
David Lee,6-9,245lb,1983-04-29,1st,30th,2005,False
Malcolm Lee,6-5,200lb,1990-05-22,2nd,43rd,2011,False
Kawhi Leonard,6-7,225lb,1991-06-29,1st,15th,2011,False
Travis Leslie,6-4,205lb,1990-03-29,2nd,47th,2011,False
Jon Leuer,6-10,228lb,1989-05-14,2nd,40th,2011,False
Rashard Lewis,6-10,215lb,1979-08-08,2nd,32nd,1998,False
DeAndre Liggins,6-6,209lb,1988-03-31,2nd,53rd,2011,False
Jeremy Lin,6-3,200lb,1988-08-23,-1,-1,-1,True
Shaun Livingston,6-7,192lb,1985-09-11,1st,4th,2004,False
Brook Lopez,7-0,282lb,1988-04-01,1st,10th,2008,False
Robin Lopez,7-0,281lb,1988-04-01,1st,15th,2008,False
Kevin Love,6-8,251lb,1988-09-07,1st,5th,2008,False
Kyle Lowry,6-0,196lb,1986-03-25,1st,24th,2006,False
John Lucas III,5-11,166lb,1982-11-21,-1,-1,-1,True
Shelvin Mack,6-3,203lb,1990-04-22,2nd,34th,2011,False
Vernon Macklin,6-10,227lb,1986-09-20,2nd,52nd,2011,False
Corey Maggette,6-6,218lb,1979-11-12,1st,13th,1999,False
Jamaal Magloire,6-11,259lb,1978-05-21,1st,19th,2000,False
Ian Mahinmi,6-11,262lb,1986-11-05,1st,28th,2005,False
Shawn Marion,6-7,220lb,1978-05-07,1st,9th,1999,False
Cartier Martin,6-7,220lb,1984-11-20,-1,-1,-1,True
Kenyon Martin,6-9,234lb,1977-12-30,1st,1st,2000,False
Kevin Martin,6-7,199lb,1983-02-01,1st,26th,2004,False
Roger Mason,6-5,200lb,1980-09-10,2nd,31st,2002,False
Wesley Matthews,6-4,220lb,1986-10-14,-1,-1,-1,True
Jason Maxiell,6-7,260lb,1983-02-18,1st,26th,2005,False
Eric Maynor,6-3,175lb,1987-06-11,1st,20th,2009,False
O.J. Mayo,6-5,210lb,1987-11-05,1st,3rd,2008,False
Luc Mbah a Moute,6-8,230lb,1986-09-09,2nd,37th,2008,False
JaVale McGee,7-0,270lb,1988-01-19,1st,18th,2008,False
Tracy McGrady,6-8,210lb,1979-05-24,1st,9th,1997,False
Dominic McGuire,6-9,220lb,1985-10-20,2nd,47th,2007,False
Josh McRoberts,6-10,240lb,1987-02-28,2nd,37th,2007,False
Jodie Meeks,6-4,210lb,1987-08-21,2nd,41st,2009,False
C.J. Miles,6-6,220lb,1987-03-18,2nd,34th,2005,False
Darko Miličić,7-0,250lb,1985-06-20,1st,2nd,2003,False
Andre Miller,6-3,200lb,1976-03-19,1st,8th,1999,False
Brad Miller,6-11,244lb,1976-04-12,-1,-1,-1,True
Mike Miller,6-8,218lb,1980-02-19,1st,5th,2000,False
Patty Mills,6-1,180lb,1988-08-11,2nd,55th,2009,False
Paul Millsap,6-7,257lb,1985-02-10,2nd,47th,2006,False
Nazr Mohammed,6-10,221lb,1977-09-05,1st,29th,1998,False
Greg Monroe,6-11,265lb,1990-06-04,1st,7th,2010,False
Jamario Moon,6-8,205lb,1980-06-13,-1,-1,-1,True
E'Twaun Moore,6-3,191lb,1989-02-25,2nd,55th,2011,False
Mikki Moore,6-11,225lb,1975-11-04,-1,-1,-1,True
Darius Morris,6-4,190lb,1991-01-03,2nd,41st,2011,False
Marcus Morris,6-8,218lb,1989-09-02,1st,14th,2011,False
Markieff Morris,6-9,245lb,1989-09-02,1st,13th,2011,False
Anthony Morrow,6-5,210lb,1985-09-27,-1,-1,-1,True
Timofey Mozgov,7-1,275lb,1986-07-16,-1,-1,-1,True
Byron Mullens,7-0,275lb,1989-02-14,1st,24th,2009,False
Troy Murphy,6-11,245lb,1980-05-02,1st,14th,2001,False
Hamady N'Diaye,7-0,235lb,1987-01-12,2nd,56th,2010,False
Eduardo Nájera,6-8,240lb,1976-07-11,2nd,38th,2000,False
Steve Nash,6-3,195lb,1974-02-07,1st,15th,1996,False
Gary Neal,6-4,210lb,1984-10-03,-1,-1,-1,True
Jameer Nelson,6-0,190lb,1982-02-09,1st,20th,2004,False
Joakim Noah,6-11,230lb,1985-02-25,1st,9th,2007,False
Andrés Nocioni,6-7,225lb,1979-11-30,-1,-1,-1,True
Steve Novak,6-10,225lb,1983-06-13,2nd,32nd,2006,False
Dirk Nowitzki,7-0,245lb,1978-06-19,1st,9th,1998,False
Jermaine O'Neal,6-11,226lb,1978-10-13,1st,17th,1996,False
Lamar Odom,6-10,220lb,1979-11-06,1st,4th,1999,False
Emeka Okafor,6-10,252lb,1982-09-28,1st,2nd,2004,False
Mehmet Okur,6-11,249lb,1979-05-26,2nd,38th,2001,False
Daniel Orton,6-10,255lb,1990-08-06,1st,29th,2010,False
Travis Outlaw,6-9,210lb,1984-09-18,1st,23rd,2003,False
Larry Owens,6-7,210lb,1983-01-08,-1,-1,-1,True
Zaza Pachulia,6-11,270lb,1984-02-10,2nd,42nd,2003,False
Jannero Pargo,6-1,175lb,1979-10-22,-1,-1,-1,True
Jeremy Pargo,6-2,219lb,1986-03-17,-1,-1,-1,True
Anthony Parker,6-6,215lb,1975-06-19,1st,21st,1997,False
Tony Parker,6-2,185lb,1982-05-17,1st,28th,2001,False
Chandler Parsons,6-9,230lb,1988-10-25,2nd,38th,2011,False
Patrick Patterson,6-8,235lb,1989-03-14,1st,14th,2010,False
Chris Paul,6-0,175lb,1985-05-06,1st,4th,2005,False
Sasha Pavlović,6-8,220lb,1983-11-15,1st,19th,2003,False
Nikola Peković,6-11,307lb,1986-01-03,2nd,31st,2008,False
Kendrick Perkins,6-10,270lb,1984-11-10,1st,27th,2003,False
Johan Petro,7-0,247lb,1986-01-27,1st,25th,2005,False
Paul Pierce,6-7,235lb,1977-10-13,1st,10th,1998,False
Mickaël Piétrus,6-6,215lb,1982-02-07,1st,11th,2003,False
Dexter Pittman,6-11,308lb,1988-03-02,2nd,32nd,2010,False
Quincy Pondexter,6-7,230lb,1988-03-10,1st,26th,2010,False
A.J. Price,6-2,181lb,1986-10-07,2nd,52nd,2009,False
Ronnie Price,6-2,190lb,1983-06-21,-1,-1,-1,True
Tayshaun Prince,6-9,212lb,1980-02-28,1st,23rd,2002,False
Joel Przybilla,7-1,255lb,1979-10-10,1st,9th,2000,False
Vladimir Radmanović,6-10,227lb,1980-11-19,1st,12th,2001,False
Anthony Randolph,6-10,205lb,1989-07-15,1st,14th,2008,False
Zach Randolph,6-9,250lb,1981-07-16,1st,19th,2001,False
Michael Redd,6-6,220lb,1979-08-24,2nd,43rd,2000,False
J.J. Redick,6-3,200lb,1984-06-24,1st,11th,2006,False
Ryan Reid,6-8,232lb,1986-10-30,2nd,57th,2010,False
Jason Richardson,6-6,220lb,1981-01-20,1st,5th,2001,False
Quentin Richardson,6-6,223lb,1980-04-13,1st,18th,2000,False
Luke Ridnour,6-2,175lb,1981-02-13,1st,14th,2003,False
Nate Robinson,5-9,180lb,1984-05-31,1st,21st,2005,False
Rajon Rondo,6-1,180lb,1986-02-22,1st,21st,2006,False
Derrick Rose,6-2,200lb,1988-10-04,1st,1st,2008,False
Ricky Rubio,6-2,190lb,1990-10-21,1st,5th,2009,False
Brandon Rush,6-6,220lb,1985-07-07,1st,13th,2008,False
Walker Russell,6-0,170lb,1982-10-06,-1,-1,-1,True
John Salmons,6-7,210lb,1979-12-12,1st,26th,2002,False
Samardo Samuels,6-9,260lb,1989-01-09,-1,-1,-1,True
Larry Sanders,6-11,235lb,1988-11-21,1st,15th,2010,False
Brian Scalabrine,6-9,241lb,1978-03-18,2nd,35th,2001,False
Luis Scola,6-9,240lb,1980-04-30,2nd,56th,2002,False
Thabo Sefolosha,6-6,215lb,1984-05-02,1st,13th,2006,False
Josh Selby,6-2,183lb,1991-03-27,2nd,49th,2011,False
Kevin Séraphin,6-9,285lb,1989-12-07,1st,17th,2010,False
Ramon Sessions,6-3,190lb,1986-04-11,2nd,56th,2007,False
Iman Shumpert,6-5,215lb,1990-06-26,1st,17th,2011,False
Xavier Silas,6-5,205lb,1988-01-22,-1,-1,-1,True
Bobby Simmons,6-7,210lb,1980-06-02,2nd,42nd,2001,False
Chris Singleton,6-8,230lb,1989-11-21,1st,18th,2011,False
James Singleton,6-8,216lb,1981-07-20,-1,-1,-1,True
Brian Skinner,6-9,255lb,1976-05-19,1st,22nd,1998,False
Donald Sloan,6-3,205lb,1988-01-15,-1,-1,-1,True
Craig Smith,6-7,250lb,1983-11-10,2nd,36th,2006,False
Greg Smith,6-10,250lb,1991-01-08,-1,-1,-1,True
Ish Smith,6-0,175lb,1988-07-05,-1,-1,-1,True
J.R. Smith,6-6,225lb,1985-09-09,1st,18th,2004,False
Jason Smith,7-0,240lb,1986-03-02,1st,20th,2007,False
Jerry Smith,6-2,190lb,1987-09-26,-1,-1,-1,True
Josh Smith,6-9,225lb,1985-12-05,1st,17th,2004,False
Nolan Smith,6-2,185lb,1988-07-25,1st,21st,2011,False
Marreese Speights,6-10,255lb,1987-08-04,1st,16th,2008,False
Tiago Splitter,6-11,245lb,1985-01-01,1st,28th,2007,False
Jerry Stackhouse,6-6,218lb,1974-11-05,1st,3rd,1995,False
Lance Stephenson,6-6,230lb,1990-09-05,2nd,40th,2010,False
DeShawn Stevenson,6-5,210lb,1981-04-03,1st,23rd,2000,False
Greg Stiemsma,6-11,260lb,1985-09-26,-1,-1,-1,True
Julyan Stone,6-6,200lb,1988-12-07,-1,-1,-1,True
Amar'e Stoudemire,6-10,245lb,1982-11-16,1st,9th,2002,False
Rodney Stuckey,6-5,210lb,1986-04-21,1st,15th,2007,False
DaJuan Summers,6-8,230lb,1988-01-24,2nd,35th,2009,False
Jeff Teague,6-3,195lb,1988-06-10,1st,19th,2009,False
Sebastian Telfair,6-0,165lb,1985-06-09,1st,13th,2004,False
Jason Terry,6-2,185lb,1977-09-15,1st,10th,1999,False
Hasheem Thabeet,7-3,263lb,1987-02-16,1st,2nd,2009,False
Isaiah Thomas,5-9,185lb,1989-02-07,2nd,60th,2011,False
Kurt Thomas,6-9,230lb,1972-10-04,1st,10th,1995,False
Lance Thomas,6-8,240lb,1988-04-24,-1,-1,-1,True
Malcolm Thomas,6-9,225lb,1988-11-08,-1,-1,-1,True
Tyrus Thomas,6-9,215lb,1986-08-17,1st,4th,2006,False
Trey Thompkins,6-10,245lb,1990-05-20,2nd,37th,2011,False
Jason Thompson,6-11,250lb,1986-07-21,1st,12th,2008,False
Klay Thompson,6-6,215lb,1990-02-08,1st,11th,2011,False
Mychel Thompson,6-6,211lb,1988-06-01,-1,-1,-1,True
Tristan Thompson,6-9,254lb,1991-03-13,1st,4th,2011,False
Marcus Thornton,6-4,205lb,1987-06-05,2nd,43rd,2009,False
Jamaal Tinsley,6-3,195lb,1978-02-28,1st,27th,2001,False
Anthony Tolliver,6-8,240lb,1985-06-01,-1,-1,-1,True
Ronny Turiaf,6-10,249lb,1983-01-13,2nd,37th,2005,False
Hedo Türkoğlu,6-10,220lb,1979-03-19,1st,16th,2000,False
Evan Turner,6-6,220lb,1988-10-27,1st,2nd,2010,False
Jeremy Tyler,6-10,260lb,1991-06-21,2nd,39th,2011,False
Edwin Ubiles,6-6,204lb,1986-11-26,-1,-1,-1,True
Ekpe Udoh,6-10,245lb,1987-05-20,1st,6th,2010,False
Beno Udrih,6-3,205lb,1982-07-05,1st,28th,2004,False
Ben Uzoh,6-3,205lb,1988-03-19,-1,-1,-1,True
Anderson Varejão,6-10,273lb,1982-09-28,2nd,30th,2004,False
Greivis Vásquez,6-6,217lb,1987-01-16,1st,28th,2010,False
Jan Veselý,6-11,240lb,1990-04-24,1st,6th,2011,False
Charlie Villanueva,6-11,232lb,1984-08-24,1st,7th,2005,False
Nikola Vučević,6-10,260lb,1990-10-24,1st,16th,2011,False
Dwyane Wade,6-4,220lb,1982-01-17,1st,5th,2003,False
Von Wafer,6-5,210lb,1985-07-21,2nd,39th,2005,False
Henry Walker,6-6,220lb,1987-10-09,2nd,47th,2008,False
Kemba Walker,6-0,184lb,1990-05-08,1st,9th,2011,False
John Wall,6-3,210lb,1990-09-06,1st,1st,2010,False
Ben Wallace,6-9,240lb,1974-09-10,-1,-1,-1,True
Gerald Wallace,6-7,215lb,1982-07-23,1st,25th,2001,False
Luke Walton,6-8,235lb,1980-03-28,2nd,32nd,2003,False
Hakim Warrick,6-9,219lb,1982-07-08,1st,19th,2005,False
Darryl Watkins,6-11,258lb,1984-11-08,-1,-1,-1,True
C.J. Watson,6-2,175lb,1984-04-17,-1,-1,-1,True
Earl Watson,6-1,195lb,1979-06-12,2nd,40th,2001,False
Martell Webster,6-7,230lb,1986-12-04,1st,6th,2005,False
David West,6-9,250lb,1980-08-29,1st,18th,2003,False
Delonte West,6-4,180lb,1983-07-26,1st,24th,2004,False
Russell Westbrook,6-3,200lb,1988-11-12,1st,4th,2008,False
D.J. White,6-9,251lb,1986-08-31,1st,29th,2008,False
Hassan Whiteside,7-0,265lb,1989-06-13,2nd,33rd,2010,False
Chris Wilcox,6-10,221lb,1982-09-03,1st,8th,2002,False
Damien Wilkins,6-6,225lb,1980-01-11,-1,-1,-1,True
Deron Williams,6-3,200lb,1984-06-26,1st,3rd,2005,False
Derrick Williams,6-8,240lb,1991-05-25,1st,2nd,2011,False
Elliot Williams,6-5,190lb,1989-06-20,1st,22nd,2010,False
Jordan Williams,6-10,260lb,1990-10-11,2nd,36th,2011,False
Lou Williams,6-1,175lb,1986-10-27,2nd,45th,2005,False
Marvin Williams,6-8,237lb,1986-06-19,1st,2nd,2005,False
Mo Williams,6-1,198lb,1982-12-19,2nd,47th,2003,False
Reggie Williams,6-6,205lb,1986-09-14,-1,-1,-1,True
Sean Williams,6-10,235lb,1986-09-13,1st,17th,2007,False
Shawne Williams,6-9,225lb,1986-02-16,1st,17th,2006,False
Shelden Williams,6-9,250lb,1983-10-21,1st,5th,2006,False
Terrence Williams,6-6,220lb,1987-06-28,1st,11th,2009,False
Metta World Peace,6-7,260lb,1979-11-13,1st,16th,1999,False
Brandan Wright,6-10,210lb,1987-10-05,1st,8th,2007,False
Chris Wright,6-8,226lb,1988-09-30,-1,-1,-1,True
Dorell Wright,6-9,205lb,1985-12-02,1st,19th,2004,False
Nick Young,6-7,210lb,1985-06-01,1st,16th,2007,False
Sam Young,6-6,220lb,1985-06-01,2nd,36th,2009,False
Thaddeus Young,6-8,235lb,1988-06-21,1st,12th,2007,False
Quincy Acy,6-7,240lb,1990-10-06,2nd,37th,2012,False
Josh Akognon,5-11,185lb,1986-02-10,-1,-1,-1,True
Darrell Arthur,6-9,235lb,1988-03-25,1st,27th,2008,False
Harrison Barnes,6-8,225lb,1992-05-30,1st,7th,2012,False
Will Barton,6-6,181lb,1991-01-06,2nd,40th,2012,False
Aron Baynes,6-10,260lb,1986-12-09,-1,-1,-1,True
Kent Bazemore,6-4,195lb,1989-07-01,-1,-1,-1,True
Bradley Beal,6-4,207lb,1993-06-28,1st,3rd,2012,False
Patrick Beverley,6-1,180lb,1988-07-12,2nd,42nd,2009,False
Aaron Brooks,6-0,161lb,1985-01-14,1st,26th,2007,False
Victor Claver,6-9,224lb,1988-08-30,1st,22nd,2009,False
Will Conroy,6-2,195lb,1982-12-08,-1,-1,-1,True
Chris Copeland,6-9,239lb,1984-03-17,-1,-1,-1,True
Jae Crowder,6-6,235lb,1990-07-06,2nd,34th,2012,False
Jared Cunningham,6-4,195lb,1991-05-22,1st,24th,2012,False
Anthony Davis,6-10,253lb,1993-03-11,1st,1st,2012,False
Nando De Colo,6-5,200lb,1987-06-23,2nd,53rd,2009,False
Chris Douglas-Roberts,6-7,200lb,1987-01-08,2nd,40th,2008,False
Andre Drummond,6-10,279lb,1993-08-10,1st,9th,2012,False
Kim English,6-6,200lb,1988-09-24,2nd,44th,2012,False
Festus Ezeli,6-11,255lb,1989-10-21,1st,30th,2012,False
Evan Fournier,6-7,205lb,1992-10-29,1st,20th,2012,False
Joel Freeland,6-10,250lb,1987-02-07,1st,30th,2006,False
Diante Garrett,6-4,190lb,1988-11-03,-1,-1,-1,True
Mickaël Gelabale,6-7,215lb,1983-05-22,2nd,48th,2005,False
Draymond Green,6-6,230lb,1990-03-04,2nd,35th,2012,False
Jeff Green,6-8,235lb,1986-08-28,1st,5th,2007,False
Ben Hansbrough,6-3,203lb,1987-12-23,-1,-1,-1,True
Maurice Harkless,6-7,220lb,1993-05-11,1st,15th,2012,False
John Henson,6-9,219lb,1990-12-28,1st,14th,2012,False
Justin Holiday,6-6,180lb,1989-04-05,-1,-1,-1,True
Bernard James,6-10,240lb,1985-02-07,2nd,33rd,2012,False
John Jenkins,6-4,215lb,1991-03-06,1st,23rd,2012,False
Orlando Johnson,6-5,220lb,1989-03-11,2nd,36th,2012,False
Darius Johnson-Odom,6-2,215lb,1989-09-28,2nd,55th,2012,False
DeQuan Jones,6-8,221lb,1990-06-20,-1,-1,-1,True
Kevin Jones,6-8,251lb,1989-08-25,-1,-1,-1,True
Perry Jones,6-11,235lb,1991-09-24,1st,28th,2012,False
Terrence Jones,6-9,252lb,1992-01-09,1st,18th,2012,False
Kris Joseph,6-7,210lb,1988-12-17,2nd,51st,2012,False
Michael Kidd-Gilchrist,6-6,232lb,1993-09-26,1st,2nd,2012,False
Andrei Kirilenko,6-9,220lb,1981-02-18,1st,24th,1999,False
Viacheslav Kravtsov,7-0,260lb,1987-08-25,-1,-1,-1,True
Doron Lamb,6-4,210lb,1991-11-06,2nd,42nd,2012,False
Jeremy Lamb,6-5,180lb,1992-05-30,1st,12th,2012,False
Meyers Leonard,7-0,260lb,1992-02-27,1st,11th,2012,False
Damian Lillard,6-2,195lb,1990-07-15,1st,6th,2012,False
Scott Machado,6-1,205lb,1990-06-08,-1,-1,-1,True
Kendall Marshall,6-4,200lb,1991-08-19,1st,13th,2012,False
Fab Melo,7-0,255lb,1990-06-20,1st,22nd,2012,False
Khris Middleton,6-7,222lb,1991-08-12,2nd,39th,2012,False
Darius Miller,6-6,225lb,1990-03-21,2nd,46th,2012,False
Quincy Miller,6-9,210lb,1992-11-18,2nd,38th,2012,False
Donatas Motiejūnas,7-0,222lb,1990-09-20,1st,20th,2011,False
Arnett Moultrie,6-11,249lb,1990-11-18,1st,27th,2012,False
Kevin Murphy,6-5,185lb,1990-03-06,2nd,47th,2012,False
Andrew Nicholson,6-9,250lb,1989-12-08,1st,19th,2012,False
Kyle O'Quinn,6-9,250lb,1990-03-26,2nd,49th,2012,False
Tim Ohlbrecht,6-11,255lb,1988-08-30,-1,-1,-1,True
Miles Plumlee,6-11,249lb,1988-09-01,1st,26th,2012,False
Pablo Prigioni,6-3,185lb,1977-05-17,-1,-1,-1,True
Chris Quinn,6-2,185lb,1983-09-27,-1,-1,-1,True
Shavlik Randolph,6-10,240lb,1983-11-24,-1,-1,-1,True
Austin Rivers,6-4,200lb,1992-08-01,1st,10th,2012,False
Brian Roberts,6-1,173lb,1985-12-03,-1,-1,-1,True
Thomas Robinson,6-10,237lb,1991-03-17,1st,5th,2012,False
Terrence Ross,6-6,206lb,1991-02-05,1st,8th,2012,False
Brandon Roy,6-6,215lb,1984-07-23,1st,6th,2006,False
Robert Sacre,7-0,270lb,1989-06-06,2nd,60th,2012,False
Mike Scott,6-7,237lb,1988-07-16,2nd,43rd,2012,False
Tornike Shengelia,6-9,217lb,1991-10-05,2nd,54th,2012,False
Alexey Shved,6-6,190lb,1988-12-16,-1,-1,-1,True
Henry Sims,6-10,248lb,1990-03-27,-1,-1,-1,True
Kyle Singler,6-8,228lb,1988-05-04,2nd,33rd,2011,False
Jared Sullinger,6-9,260lb,1992-03-04,1st,21st,2012,False
Jeff Taylor,6-7,225lb,1989-05-23,2nd,31st,2012,False
Tyshawn Taylor,6-3,185lb,1990-04-12,2nd,41st,2012,False
Marquis Teague,6-2,189lb,1993-02-28,1st,29th,2012,False
Mirza Teletović,6-9,242lb,1985-09-18,-1,-1,-1,True
Garrett Temple,6-5,195lb,1986-05-08,-1,-1,-1,True
P.J. Tucker,6-5,245lb,1985-05-05,2nd,35th,2006,False
Jonas Valančiūnas,6-11,265lb,1992-05-06,1st,5th,2011,False
Jarvis Varnado,6-9,230lb,1988-03-01,2nd,41st,2010,False
Dion Waiters,6-3,215lb,1991-12-10,1st,4th,2012,False
Rasheed Wallace,6-10,225lb,1974-09-17,1st,4th,1995,False
Maalik Wayns,6-2,200lb,1991-05-02,-1,-1,-1,True
James White,6-7,200lb,1982-10-21,2nd,31st,2006,False
Tony Wroten,6-6,205lb,1993-04-13,1st,25th,2012,False
Luke Zeller,6-11,245lb,1987-04-07,-1,-1,-1,True
Tyler Zeller,7-0,253lb,1990-01-17,1st,17th,2012,False
Steven Adams,6-11,265lb,1993-07-20,1st,12th,2013,False
Alexis Ajinça,7-2,248lb,1988-05-06,1st,20th,2008,False
Giannis Antetokounmpo,6-11,242lb,1994-12-06,1st,15th,2013,False
Pero Antić,6-11,260lb,1982-07-29,-1,-1,-1,True
Hilton Armstrong,6-11,235lb,1984-11-11,1st,12th,2006,False
Chris Babb,6-5,225lb,1990-02-14,-1,-1,-1,True
Anthony Bennett,6-8,245lb,1993-03-14,1st,1st,2013,False
Vander Blue,6-4,200lb,1992-07-17,-1,-1,-1,True
Lorenzo Brown,6-5,189lb,1990-08-26,2nd,52nd,2013,False
Reggie Bullock,6-6,205lb,1991-03-16,1st,25th,2013,False
Trey Burke,6-0,185lb,1992-11-12,1st,9th,2013,False
Dwight Buycks,6-3,190lb,1989-03-06,-1,-1,-1,True
Nick Calathes,6-6,213lb,1989-02-07,2nd,45th,2009,False
Kentavious Caldwell-Pope,6-5,204lb,1993-02-18,1st,8th,2013,False
Isaiah Canaan,6-0,201lb,1991-05-21,2nd,34th,2013,False
Michael Carter-Williams,6-5,190lb,1991-10-10,1st,11th,2013,False
Dionte Christmas,6-5,205lb,1986-09-15,-1,-1,-1,True
Ian Clark,6-3,175lb,1991-03-07,-1,-1,-1,True
Robert Covington,6-7,209lb,1990-12-14,-1,-1,-1,True
Allen Crabbe,6-5,212lb,1992-04-09,2nd,31st,2013,False
Seth Curry,6-2,185lb,1990-08-23,-1,-1,-1,True
Troy Daniels,6-4,200lb,1991-07-15,-1,-1,-1,True
Gigi Datome,6-8,215lb,1987-11-27,-1,-1,-1,True
Brandon Davies,6-10,240lb,1991-07-25,-1,-1,-1,True
Dewayne Dedmon,7-0,245lb,1989-08-12,-1,-1,-1,True
Matthew Dellavedova,6-3,200lb,1990-09-08,-1,-1,-1,True
Gorgui Dieng,6-10,252lb,1990-01-18,1st,21st,2013,False
Shane Edwards,6-7,220lb,1987-05-31,-1,-1,-1,True
Melvin Ely,6-10,260lb,1978-05-02,1st,12th,2002,False
Vítor Luiz Faverani,6-11,260lb,1988-05-05,-1,-1,-1,True
Carrick Felix,6-6,201lb,1990-08-17,2nd,33rd,2013,False
Jamaal Franklin,6-5,191lb,1991-07-21,2nd,41st,2013,False
Rudy Gobert,7-1,258lb,1992-06-26,1st,27th,2013,False
Archie Goodwin,6-5,200lb,1994-08-17,1st,29th,2013,False
Jorge Gutiérrez,6-3,191lb,1988-12-27,-1,-1,-1,True
Justin Hamilton,7-0,260lb,1990-04-01,2nd,45th,2012,False
Tim Hardaway Jr.,6-5,205lb,1992-03-16,1st,24th,2013,False
Elias Harris,6-8,239lb,1989-07-06,-1,-1,-1,True
Mike Harris,6-6,240lb,1983-06-15,-1,-1,-1,True
Solomon Hill,6-6,226lb,1991-03-18,1st,23rd,2013,False
Scotty Hopson,6-7,204lb,1989-08-08,-1,-1,-1,True
Robbie Hummel,6-8,215lb,1989-03-08,2nd,58th,2012,False
Othyus Jeffers,6-5,200lb,1985-08-05,-1,-1,-1,True
Sergey Karasev,6-7,208lb,1993-10-26,1st,19th,2013,False
Ryan Kelly,6-11,230lb,1991-04-09,2nd,48th,2013,False
Ognjen Kuzmić,7-1,251lb,1990-05-16,2nd,52nd,2012,False
Shane Larkin,5-11,175lb,1992-10-02,1st,18th,2013,False
Ricky Ledo,6-7,195lb,1992-09-10,2nd,43rd,2013,False
Alex Len,7-0,250lb,1993-06-16,1st,5th,2013,False
Ray McCallum,6-3,190lb,1991-06-12,2nd,36th,2013,False
CJ McCollum,6-3,190lb,1991-09-19,1st,10th,2013,False
Ben McLemore,6-3,195lb,1993-02-11,1st,7th,2013,False
Gal Mekel,6-3,191lb,1988-03-04,-1,-1,-1,True
Tony Mitchell,6-8,235lb,1992-04-07,2nd,37th,2013,False
Shabazz Muhammad,6-6,223lb,1992-11-13,1st,14th,2013,False
Erik Murphy,6-10,230lb,1990-10-26,2nd,49th,2013,False
Toure' Murry,6-5,195lb,1989-11-08,-1,-1,-1,True
Mike Muscala,6-10,240lb,1991-07-01,2nd,44th,2013,False
Nemanja Nedović,6-3,192lb,1991-06-16,1st,30th,2013,False
James Nunnally,6-7,208lb,1990-07-14,-1,-1,-1,True
Greg Oden,7-0,250lb,1988-01-22,1st,1st,2007,False
Victor Oladipo,6-4,213lb,1992-05-04,1st,2nd,2013,False
Kelly Olynyk,6-11,240lb,1991-04-19,1st,13th,2013,False
Arinze Onuaku,6-9,255lb,1987-07-13,-1,-1,-1,True
Mason Plumlee,6-11,254lb,1990-03-05,1st,22nd,2013,False
Otto Porter Jr.,6-8,198lb,1993-06-03,1st,3rd,2013,False
Josh Powell,6-9,225lb,1983-01-25,-1,-1,-1,True
Phil Pressey,5-11,175lb,1991-02-17,-1,-1,-1,True
Miroslav Raduljica,7-0,250lb,1988-01-05,-1,-1,-1,True
Glen Rice Jr.,6-6,206lb,1991-01-01,2nd,35th,2013,False
Andre Roberson,6-7,210lb,1991-12-04,1st,26th,2013,False
Dennis Schröder,6-3,172lb,1993-09-15,1st,17th,2013,False
Mustafa Shakur,6-3,190lb,1984-08-18,-1,-1,-1,True
Peyton Siva,6-0,185lb,1990-10-24,2nd,56th,2013,False
Chris Smith,6-2,200lb,1987-10-13,-1,-1,-1,True
Tony Snell,6-6,213lb,1991-11-10,1st,20th,2013,False
James Southerland,6-8,215lb,1990-04-28,-1,-1,-1,True
D.J. Stephens,6-5,188lb,1990-12-19,-1,-1,-1,True
Adonis Thomas,6-7,200lb,1993-03-25,-1,-1,-1,True
Hollis Thompson,6-8,206lb,1991-04-03,-1,-1,-1,True
Sasha Vujačić,6-7,195lb,1984-03-08,1st,27th,2004,False
Casper Ware,5-10,175lb,1990-01-17,-1,-1,-1,True
Royce White,6-8,270lb,1991-04-10,1st,16th,2012,False
Jeff Withey,7-0,231lb,1990-03-07,2nd,39th,2013,False
Nate Wolters,6-4,190lb,1991-05-15,2nd,38th,2013,False
Cody Zeller,6-11,240lb,1992-10-05,1st,4th,2013,False
Jordan Adams,6-5,209lb,1994-07-08,1st,22nd,2014,False
Furkan Aldemir,6-10,240lb,1991-08-09,2nd,53rd,2012,False
Kyle Anderson,6-9,230lb,1993-09-20,1st,30th,2014,False
Cameron Bairstow,6-9,250lb,1990-12-07,2nd,49th,2014,False
Jerrelle Benimon,6-8,245lb,1991-08-01,-1,-1,-1,True
Sim Bhullar,7-5,360lb,1992-12-02,-1,-1,-1,True
Tarik Black,6-9,250lb,1991-11-22,-1,-1,-1,True
Bojan Bogdanović,6-7,226lb,1989-04-18,2nd,31st,2011,False
Jabari Brown,6-4,215lb,1992-12-18,-1,-1,-1,True
Markel Brown,6-3,190lb,1992-01-29,2nd,44th,2014,False
Bruno Caboclo,6-9,218lb,1995-09-21,1st,20th,2014,False
Clint Capela,6-10,240lb,1994-05-18,1st,25th,2014,False
Will Cherry,6-0,185lb,1991-02-08,-1,-1,-1,True
Patrick Christopher,6-5,209lb,1988-06-03,-1,-1,-1,True
Jordan Clarkson,6-4,194lb,1992-06-07,2nd,46th,2014,False
Jack Cooley,6-9,260lb,1991-04-12,-1,-1,-1,True
Bryce Cotton,6-1,165lb,1992-08-11,-1,-1,-1,True
Andre Dawkins,6-5,215lb,1991-09-19,-1,-1,-1,True
Spencer Dinwiddie,6-5,215lb,1993-04-06,2nd,38th,2014,False
Joey Dorsey,6-8,268lb,1983-12-16,2nd,33rd,2008,False
Zoran Dragić,6-5,200lb,1989-06-22,-1,-1,-1,True
Larry Drew II,6-2,180lb,1990-03-05,-1,-1,-1,True
Cleanthony Early,6-8,210lb,1991-04-17,2nd,34th,2014,False
James Ennis III,6-6,215lb,1990-07-01,2nd,50th,2013,False
Tyler Ennis,6-3,194lb,1994-08-24,1st,18th,2014,False
Dante Exum,6-5,214lb,1995-07-13,1st,5th,2014,False
Tim Frazier,6-0,170lb,1990-11-01,-1,-1,-1,True
Langston Galloway,6-1,200lb,1991-12-09,-1,-1,-1,True
Aaron Gordon,6-8,235lb,1995-09-16,1st,4th,2014,False
Drew Gordon,6-9,245lb,1990-07-12,-1,-1,-1,True
Jerami Grant,6-8,210lb,1994-03-12,2nd,39th,2014,False
Erick Green,6-4,185lb,1991-05-09,2nd,46th,2013,False
JaMychal Green,6-8,227lb,1990-06-21,-1,-1,-1,True
P.J. Hairston,6-6,230lb,1992-12-24,1st,26th,2014,False
Gary Harris,6-4,210lb,1994-09-14,1st,19th,2014,False
Joe Harris,6-6,220lb,1991-09-06,2nd,33rd,2014,False
Rodney Hood,6-8,208lb,1992-10-20,1st,23rd,2014,False
Joe Ingles,6-8,220lb,1987-10-02,-1,-1,-1,True
Cory Jefferson,6-9,218lb,1990-12-26,2nd,60th,2014,False
Grant Jerrett,6-10,235lb,1993-07-08,2nd,40th,2013,False
Nick Johnson,6-3,202lb,1992-12-22,2nd,42nd,2014,False
Tyler Johnson,6-3,186lb,1992-05-07,-1,-1,-1,True
Sean Kilpatrick,6-4,210lb,1990-01-06,-1,-1,-1,True
Alex Kirk,7-0,245lb,1991-11-14,-1,-1,-1,True
Joffrey Lauvergne,6-11,220lb,1991-09-30,2nd,55th,2013,False
Zach LaVine,6-5,200lb,1995-03-10,1st,13th,2014,False
Kalin Lucas,6-1,195lb,1989-05-24,-1,-1,-1,True
Devyn Marble,6-6,200lb,1992-09-21,2nd,56th,2014,False
James Michael McAdoo,6-9,230lb,1993-01-04,-1,-1,-1,True
K.J. McDaniels,6-6,205lb,1993-02-09,2nd,32nd,2014,False
Doug McDermott,6-7,225lb,1992-01-03,1st,11th,2014,False
Mitch McGary,6-10,255lb,1992-06-06,1st,21st,2014,False
Jerel McNeal,6-3,200lb,1987-06-01,-1,-1,-1,True
Elijah Millsap,6-6,225lb,1987-08-12,-1,-1,-1,True
Nikola Mirotić,6-10,250lb,1991-02-11,1st,23rd,2011,False
Eric Moreland,6-10,238lb,1991-12-24,-1,-1,-1,True
Shabazz Napier,6-0,175lb,1991-07-14,1st,24th,2014,False
Nerlens Noel,6-11,220lb,1994-04-10,1st,6th,2013,False
Lucas Nogueira,7-0,241lb,1992-07-26,1st,16th,2013,False
Jusuf Nurkić,6-11,290lb,1994-08-23,1st,16th,2014,False
Johnny O'Bryant,6-9,257lb,1993-06-01,2nd,36th,2014,False
Kostas Papanikolaou,6-8,225lb,1990-07-31,2nd,48th,2012,False
Jabari Parker,6-8,245lb,1995-03-15,1st,2nd,2014,False
Adreian Payne,6-10,237lb,1991-02-19,1st,15th,2014,False
Elfrid Payton,6-3,195lb,1994-02-22,1st,10th,2014,False
Dwight Powell,6-10,240lb,1991-07-20,2nd,45th,2014,False
Julius Randle,6-8,250lb,1994-11-29,1st,7th,2014,False
Glenn Robinson III,6-6,222lb,1994-01-08,2nd,40th,2014,False
Damjan Rudež,6-10,228lb,1986-06-17,-1,-1,-1,True
JaKarr Sampson,6-7,214lb,1993-03-20,-1,-1,-1,True
Marcus Smart,6-3,220lb,1994-03-06,1st,6th,2014,False
Russ Smith,6-0,165lb,1991-04-19,2nd,47th,2014,False
Nik Stauskas,6-6,205lb,1993-10-07,1st,8th,2014,False
David Stockton,5-11,165lb,1991-06-24,-1,-1,-1,True
Jarnell Stokes,6-9,263lb,1994-01-07,2nd,35th,2014,False
Noah Vonleh,6-10,257lb,1995-08-24,1st,9th,2014,False
T.J. Warren,6-8,220lb,1993-09-05,1st,14th,2014,False
David Wear,6-10,230lb,1990-09-21,-1,-1,-1,True
Travis Wear,6-10,230lb,1990-09-21,-1,-1,-1,True
Shayne Whittington,6-11,250lb,1991-03-27,-1,-1,-1,True
Andrew Wiggins,6-7,197lb,1995-02-23,1st,1st,2014,False
C.J. Wilcox,6-5,195lb,1990-12-30,1st,28th,2014,False
James Young,6-6,215lb,1995-08-16,1st,17th,2014,False
Cliff Alexander,6-8,245lb,1995-11-16,-1,-1,-1,True
Justin Anderson,6-6,230lb,1993-11-19,1st,21st,2015,False
Thanasis Antetokounmpo,6-6,219lb,1992-07-18,2nd,51st,2014,False
Keith Appling,6-1,185lb,1992-02-13,-1,-1,-1,True
Nemanja Bjelica,6-10,234lb,1988-05-09,2nd,35th,2010,False
Devin Booker,6-5,206lb,1996-10-30,1st,13th,2015,False
Anthony Brown,6-7,210lb,1992-10-10,2nd,34th,2015,False
Willie Cauley-Stein,7-0,240lb,1993-08-18,1st,6th,2015,False
Rakeem Christmas,6-9,250lb,1991-12-01,2nd,36th,2015,False
Coty Clarke,6-7,232lb,1992-07-04,-1,-1,-1,True
Pat Connaughton,6-5,209lb,1993-01-06,2nd,41st,2015,False
Branden Dawson,6-6,225lb,1993-02-01,2nd,56th,2015,False
Bryce Dejean-Jones,6-6,209lb,1992-08-21,-1,-1,-1,True
Sam Dekker,6-9,230lb,1994-05-06,1st,18th,2015,False
Duje Dukan,6-9,220lb,1991-12-04,-1,-1,-1,True
Jarell Eddie,6-7,218lb,1991-10-30,-1,-1,-1,True
Cristiano Felício,6-11,270lb,1992-07-07,-1,-1,-1,True
Jerian Grant,6-4,205lb,1992-10-09,1st,19th,2015,False
Montrezl Harrell,6-7,240lb,1994-01-26,2nd,32nd,2015,False
Aaron Harrison,6-6,210lb,1994-10-28,-1,-1,-1,True
Mario Hezonja,6-8,220lb,1995-02-25,1st,5th,2015,False
Darrun Hilliard,6-6,205lb,1993-04-13,2nd,38th,2015,False
Rondae Hollis-Jefferson,6-6,217lb,1995-01-03,1st,23rd,2015,False
Richaun Holmes,6-10,235lb,1993-10-15,2nd,37th,2015,False
Marcelo Huertas,6-3,200lb,1983-05-25,-1,-1,-1,True
Josh Huestis,6-7,230lb,1991-12-19,1st,29th,2014,False
R.J. Hunter,6-5,185lb,1993-10-24,1st,28th,2015,False
Damien Inglis,6-8,246lb,1995-05-20,2nd,31st,2014,False
Stanley Johnson,6-6,242lb,1996-05-29,1st,8th,2015,False
Nikola Jokić,6-11,284lb,1995-02-19,2nd,41st,2014,False
Tyus Jones,6-0,196lb,1996-05-10,1st,24th,2015,False
Frank Kaminsky,7-0,240lb,1993-04-04,1st,9th,2015,False
Sasha Kaun,6-11,260lb,1985-05-08,2nd,56th,2008,False
Kevon Looney,6-9,222lb,1996-02-06,1st,30th,2015,False
Trey Lyles,6-9,234lb,1995-11-05,1st,12th,2015,False
Boban Marjanović,7-3,290lb,1988-08-15,-1,-1,-1,True
Jarell Martin,6-10,239lb,1994-05-24,1st,25th,2015,False
T.J. McConnell,6-1,190lb,1992-03-25,-1,-1,-1,True
Chris McCullough,6-11,200lb,1995-02-05,1st,29th,2015,False
Jordan McRae,6-5,179lb,1991-03-28,2nd,58th,2014,False
Salah Mejri,7-2,235lb,1986-06-15,-1,-1,-1,True
Jordan Mickey,6-8,235lb,1994-07-09,2nd,33rd,2015,False
Luis Montero,6-7,185lb,1993-04-06,-1,-1,-1,True
Emmanuel Mudiay,6-3,200lb,1996-03-05,1st,7th,2015,False
Xavier Munford,6-2,180lb,1992-06-01,-1,-1,-1,True
Larry Nance Jr.,6-7,245lb,1993-01-01,1st,27th,2015,False
Raul Neto,6-1,180lb,1992-05-19,2nd,47th,2013,False
J.J. O'Brien,6-7,228lb,1992-04-08,-1,-1,-1,True
Jahlil Okafor,6-10,270lb,1995-12-15,1st,3rd,2015,False
Kelly Oubre Jr.,6-7,203lb,1995-12-09,1st,15th,2015,False
Lamar Patterson,6-5,225lb,1991-08-12,2nd,48th,2014,False
Cameron Payne,6-1,183lb,1994-08-08,1st,14th,2015,False
Tibor Pleiß,7-3,256lb,1989-11-02,2nd,31st,2010,False
Bobby Portis,6-10,250lb,1995-02-10,1st,22nd,2015,False
Kristaps Porziņģis,7-3,240lb,1995-08-02,1st,4th,2015,False
Norman Powell,6-3,215lb,1993-05-25,2nd,46th,2015,False
Willie Reed,6-10,220lb,1990-05-16,-1,-1,-1,True
Josh Richardson,6-5,200lb,1993-09-15,2nd,40th,2015,False
Terry Rozier,6-1,190lb,1994-03-17,1st,16th,2015,False
D'Angelo Russell,6-4,193lb,1996-02-23,1st,2nd,2015,False
Jonathon Simmons,6-6,195lb,1989-09-14,-1,-1,-1,True
Alex Stepheson,6-10,270lb,1987-08-07,-1,-1,-1,True
Edy Tavares,7-3,260lb,1992-03-22,2nd,43rd,2014,False
Axel Toupane,6-7,197lb,1992-07-23,-1,-1,-1,True
Karl-Anthony Towns,6-11,248lb,1995-11-15,1st,1st,2015,False
Myles Turner,6-11,250lb,1996-03-24,1st,11th,2015,False
Rashad Vaughn,6-6,202lb,1996-08-16,1st,17th,2015,False
Briante Weber,6-2,165lb,1992-12-29,-1,-1,-1,True
Sonny Weems,6-6,205lb,1986-07-08,2nd,39th,2008,False
Alan Williams,6-8,265lb,1993-01-28,-1,-1,-1,True
Justise Winslow,6-6,222lb,1996-03-26,1st,10th,2015,False
Christian Wood,6-10,214lb,1995-09-27,-1,-1,-1,True
Delon Wright,6-5,185lb,1992-04-26,1st,20th,2015,False
Joe Young,6-2,180lb,1992-06-27,2nd,43rd,2015,False
Álex Abrines,6-6,200lb,1993-08-01,2nd,32nd,2013,False
Ron Baker,6-4,220lb,1993-03-30,-1,-1,-1,True
Wade Baldwin,6-4,200lb,1996-03-29,1st,17th,2016,False
Malik Beasley,6-4,187lb,1996-11-26,1st,19th,2016,False
DeAndre' Bembry,6-5,210lb,1994-07-04,1st,21st,2016,False
Dragan Bender,7-0,225lb,1997-11-17,1st,4th,2016,False
Ben Bentil,6-9,235lb,1995-03-29,2nd,51st,2016,False
Dāvis Bertāns,6-10,225lb,1992-11-12,2nd,42nd,2011,False
Joel Bolomboy,6-9,235lb,1994-01-28,2nd,52nd,2016,False
Malcolm Brogdon,6-5,229lb,1992-12-11,2nd,36th,2016,False
Bobby Brown,6-2,175lb,1984-09-24,-1,-1,-1,True
Jaylen Brown,6-6,223lb,1996-10-24,1st,3rd,2016,False
Nicolás Brussino,6-7,195lb,1993-03-02,-1,-1,-1,True
Marquese Chriss,6-9,240lb,1997-07-02,1st,8th,2016,False
Semaj Christon,6-3,190lb,1992-11-01,2nd,55th,2014,False
Quinn Cook,6-1,180lb,1993-03-23,-1,-1,-1,True
Deyonta Davis,6-11,237lb,1996-12-02,2nd,31st,2016,False
Malcolm Delaney,6-3,190lb,1989-03-11,-1,-1,-1,True
Cheick Diallo,6-8,219lb,1996-09-13,2nd,33rd,2016,False
Kris Dunn,6-3,205lb,1994-03-18,1st,5th,2016,False
Henry Ellenson,6-10,240lb,1997-01-13,1st,18th,2016,False
Joel Embiid,7-0,280lb,1994-03-16,1st,3rd,2014,False
Kay Felder,5-9,176lb,1995-03-29,2nd,54th,2016,False
Yogi Ferrell,6-0,178lb,1993-05-09,-1,-1,-1,True
Dorian Finney-Smith,6-7,220lb,1993-05-04,-1,-1,-1,True
Bryn Forbes,6-2,205lb,1993-07-23,-1,-1,-1,True
Patricio Garino,6-6,210lb,1993-05-17,-1,-1,-1,True
Michael Gbinije,6-7,200lb,1992-06-05,2nd,49th,2016,False
Marcus Georges-Hunt,6-5,216lb,1994-03-28,-1,-1,-1,True
Jonathan Gibson,6-2,185lb,1987-11-08,-1,-1,-1,True
Treveon Graham,6-5,219lb,1993-10-28,-1,-1,-1,True
A.J. Hammons,7-0,260lb,1992-08-27,2nd,46th,2016,False
Andrew Harrison,6-6,213lb,1994-10-28,2nd,44th,2015,False
Juancho Hernangómez,6-9,214lb,1995-09-28,1st,15th,2016,False
Willy Hernangómez,6-11,250lb,1994-05-27,2nd,35th,2015,False
Buddy Hield,6-4,220lb,1992-12-17,1st,6th,2016,False
Danuel House Jr.,6-6,220lb,1993-06-07,-1,-1,-1,True
Brandon Ingram,6-8,190lb,1997-09-02,1st,2nd,2016,False
Demetrius Jackson,6-1,201lb,1994-09-07,2nd,45th,2016,False
Pierre Jackson,5-10,180lb,1991-08-29,2nd,42nd,2013,False
Brice Johnson,6-10,230lb,1994-06-27,1st,25th,2016,False
Damian Jones,6-11,245lb,1995-06-30,1st,30th,2016,False
Derrick Jones Jr.,6-5,210lb,1997-02-15,-1,-1,-1,True
Mindaugas Kuzminskas,6-9,215lb,1989-10-19,-1,-1,-1,True
Skal Labissière,6-10,235lb,1996-03-18,1st,28th,2016,False
Nicolás Laprovíttola,6-4,180lb,1990-01-31,-1,-1,-1,True
Jake Layman,6-8,209lb,1994-03-07,2nd,47th,2016,False
Caris LeVert,6-6,205lb,1994-08-25,1st,20th,2016,False
Shawn Long,6-9,255lb,1993-01-29,-1,-1,-1,True
Timothé Luwawu-Cabarrot,6-7,220lb,1995-05-09,1st,24th,2016,False
Sheldon Mac,6-5,200lb,1992-12-21,-1,-1,-1,True
Thon Maker,7-0,221lb,1997-02-25,1st,10th,2016,False
Patrick McCaw,6-7,181lb,1995-10-25,2nd,38th,2016,False
Rodney McGruder,6-4,205lb,1991-07-29,-1,-1,-1,True
Dejounte Murray,6-4,180lb,1996-09-19,1st,29th,2016,False
Jamal Murray,6-3,215lb,1997-02-23,1st,7th,2016,False
Maurice Ndour,6-9,200lb,1992-06-18,-1,-1,-1,True
Georges Niang,6-7,230lb,1993-06-17,2nd,50th,2016,False
David Nwaba,6-5,219lb,1993-01-14,-1,-1,-1,True
Daniel Ochefu,6-11,245lb,1993-12-15,-1,-1,-1,True
Chinanu Onuaku,6-10,245lb,1996-11-01,2nd,37th,2016,False
Georgios Papagiannis,7-1,240lb,1997-07-03,1st,13th,2016,False
Gary Payton II,6-3,190lb,1992-12-01,-1,-1,-1,True
Marshall Plumlee,7-0,250lb,1992-07-14,-1,-1,-1,True
Jakob Poeltl,7-1,245lb,1995-10-15,1st,9th,2016,False
Alex Poythress,6-9,235lb,1993-09-06,-1,-1,-1,True
Taurean Prince,6-7,218lb,1994-03-22,1st,12th,2016,False
Tim Quarterman,6-6,195lb,1994-10-27,-1,-1,-1,True
Chasson Randle,6-2,185lb,1993-02-05,-1,-1,-1,True
Malachi Richardson,6-6,205lb,1996-01-05,1st,22nd,2016,False
Sergio Rodríguez,6-3,176lb,1986-06-12,1st,27th,2006,False
Domantas Sabonis,6-11,240lb,1996-05-03,1st,11th,2016,False
Dario Šarić,6-10,225lb,1994-04-08,1st,12th,2014,False
Tomáš Satoranský,6-7,210lb,1991-10-30,2nd,32nd,2012,False
Wayne Selden,6-5,230lb,1994-09-30,-1,-1,-1,True
Pascal Siakam,6-9,230lb,1994-04-02,1st,27th,2016,False
Diamond Stone,6-11,255lb,1997-02-10,2nd,40th,2016,False
Isaiah Taylor,6-3,170lb,1994-07-11,-1,-1,-1,True
Mike Tobey,7-0,260lb,1994-10-10,-1,-1,-1,True
Tyler Ulis,5-10,160lb,1996-01-05,2nd,34th,2016,False
Jarrod Uthoff,6-9,221lb,1993-05-19,-1,-1,-1,True
Denzel Valentine,6-4,220lb,1993-11-16,1st,14th,2016,False
Fred VanVleet,6-1,197lb,1994-02-25,-1,-1,-1,True
Okaro White,6-8,205lb,1992-08-13,-1,-1,-1,True
Isaiah Whitehead,6-4,213lb,1995-03-08,2nd,42nd,2016,False
Troy Williams,6-7,218lb,1994-12-30,-1,-1,-1,True
Kyle Wiltjer,6-10,240lb,1992-10-20,-1,-1,-1,True
Stephen Zimmerman,7-0,240lb,1996-09-09,2nd,41st,2016,False
Paul Zipser,6-8,215lb,1994-02-18,2nd,48th,2016,False
Ivica Zubac,7-0,240lb,1997-03-18,2nd,32nd,2016,False
Bam Adebayo,6-9,255lb,1997-07-18,1st,14th,2017,False
Jarrett Allen,6-11,243lb,1998-04-21,1st,22nd,2017,False
Kadeem Allen,6-1,200lb,1993-01-15,2nd,53rd,2017,False
Ike Anigbogu,6-10,250lb,1998-10-17,2nd,47th,2017,False
OG Anunoby,6-7,232lb,1997-07-17,1st,23rd,2017,False
Ryan Arcidiacono,6-3,195lb,1994-03-26,-1,-1,-1,True
Jamel Artis,6-7,213lb,1993-01-12,-1,-1,-1,True
Dwayne Bacon,6-6,221lb,1995-08-30,2nd,40th,2017,False
Lonzo Ball,6-6,190lb,1997-10-27,1st,2nd,2017,False
Jordan Bell,6-8,216lb,1995-01-07,2nd,38th,2017,False
Khem Birch,6-9,233lb,1992-09-28,-1,-1,-1,True
Jabari Bird,6-6,198lb,1994-07-03,2nd,56th,2017,False
Antonio Blakeney,6-4,192lb,1996-10-04,-1,-1,-1,True
Bogdan Bogdanović,6-6,220lb,1992-08-18,1st,27th,2014,False
Chris Boucher,6-9,200lb,1993-01-11,-1,-1,-1,True
Tony Bradley,6-10,248lb,1998-01-08,1st,28th,2017,False
Dillon Brooks,6-7,225lb,1996-01-22,2nd,45th,2017,False
Sterling Brown,6-5,219lb,1995-02-10,2nd,46th,2017,False
Thomas Bryant,6-10,248lb,1997-07-31,2nd,42nd,2017,False
Alex Caruso,6-4,186lb,1994-02-28,-1,-1,-1,True
Tyler Cavanaugh,6-9,238lb,1994-02-09,-1,-1,-1,True
Gian Clavell,6-4,185lb,1993-11-26,-1,-1,-1,True
Antonius Cleveland,6-5,195lb,1994-02-02,-1,-1,-1,True
John Collins,6-9,235lb,1997-09-23,1st,19th,2017,False
Zach Collins,6-11,250lb,1997-11-19,1st,10th,2017,False
Kyle Collinsworth,6-6,210lb,1991-10-03,-1,-1,-1,True
Charles Cooke,6-5,196lb,1994-07-01,-1,-1,-1,True
Matt Costello,6-9,245lb,1993-08-05,-1,-1,-1,True
Torrey Craig,6-7,221lb,1990-12-19,-1,-1,-1,True
Tyler Dorsey,6-5,183lb,1996-02-18,2nd,41st,2017,False
Damyean Dotson,6-5,210lb,1994-05-06,2nd,44th,2017,False
Milton Doyle,6-4,185lb,1993-10-31,-1,-1,-1,True
PJ Dozier,6-6,205lb,1996-10-25,-1,-1,-1,True
Jawun Evans,6-0,185lb,1996-07-26,2nd,39th,2017,False
Terrance Ferguson,6-6,190lb,1998-05-17,1st,21st,2017,False
De'Aaron Fox,6-3,185lb,1997-12-20,1st,5th,2017,False
Markelle Fultz,6-3,209lb,1998-05-29,1st,1st,2017,False
Josh Gray,6-0,180lb,1993-09-09,-1,-1,-1,True
Daniel Hamilton,6-7,195lb,1995-08-08,2nd,56th,2016,False
Shaquille Harrison,6-7,190lb,1993-10-06,-1,-1,-1,True
Josh Hart,6-5,215lb,1995-03-06,1st,30th,2017,False
Nigel Hayes,6-8,254lb,1994-12-16,-1,-1,-1,True
Reggie Hearn,6-5,210lb,1991-08-14,-1,-1,-1,True
Myke Henry,6-6,210lb,1992-12-23,-1,-1,-1,True
Isaiah Hicks,6-9,230lb,1994-07-24,-1,-1,-1,True
John Holland,6-5,205lb,1988-11-06,-1,-1,-1,True
Vince Hunter,6-8,208lb,1994-08-05,-1,-1,-1,True
Andre Ingram,6-3,190lb,1985-11-19,-1,-1,-1,True
Jonathan Isaac,6-11,230lb,1997-10-03,1st,6th,2017,False
Wes Iwundu,6-6,195lb,1994-12-20,2nd,33rd,2017,False
Aaron Jackson,6-4,185lb,1986-05-06,-1,-1,-1,True
Josh Jackson,6-8,207lb,1997-02-10,1st,4th,2017,False
Justin Jackson,6-8,220lb,1995-03-28,1st,15th,2017,False
Dakari Johnson,7-0,255lb,1995-09-22,2nd,48th,2015,False
Omari Johnson,6-9,220lb,1989-11-26,-1,-1,-1,True
Jalen Jones,6-7,220lb,1993-05-27,-1,-1,-1,True
Luke Kennard,6-5,206lb,1996-06-24,1st,12th,2017,False
Maxi Kleber,6-10,240lb,1992-01-29,-1,-1,-1,True
Furkan Korkmaz,6-7,202lb,1997-07-24,1st,26th,2016,False
Luke Kornet,7-2,250lb,1995-07-15,-1,-1,-1,True
Kyle Kuzma,6-9,221lb,1995-07-24,1st,27th,2017,False
T.J. Leaf,6-10,222lb,1997-04-30,1st,18th,2017,False
Damion Lee,6-5,210lb,1992-10-21,-1,-1,-1,True
Walt Lemon Jr.,6-3,180lb,1992-07-26,-1,-1,-1,True
Tyler Lydon,6-10,225lb,1996-04-09,1st,24th,2017,False
Josh Magette,6-1,160lb,1989-11-28,-1,-1,-1,True
Lauri Markkanen,7-0,240lb,1997-05-22,1st,7th,2017,False
Frank Mason III,5-11,190lb,1994-04-03,2nd,34th,2017,False
Mangok Mathiang,6-10,230lb,1992-10-08,-1,-1,-1,True
Erik McCree,6-7,219lb,1993-12-20,-1,-1,-1,True
Trey McKinney-Jones,6-5,214lb,1990-08-27,-1,-1,-1,True
Alfonzo McKinnie,6-7,215lb,1992-09-17,-1,-1,-1,True
Malcolm Miller,6-7,210lb,1993-03-06,-1,-1,-1,True
Donovan Mitchell,6-1,215lb,1996-09-07,1st,13th,2017,False
Naz Mitrou-Long,6-3,218lb,1993-08-03,-1,-1,-1,True
Malik Monk,6-3,200lb,1998-02-04,1st,11th,2017,False
Ben Moore,6-8,220lb,1995-05-13,-1,-1,-1,True
Jaylen Morris,6-5,185lb,1995-09-19,-1,-1,-1,True
Monte Morris,6-2,183lb,1995-06-27,2nd,51st,2017,False
Johnathan Motley,6-8,230lb,1995-05-04,-1,-1,-1,True
Abdel Nader,6-5,225lb,1993-09-25,2nd,58th,2016,False
Frank Ntilikina,6-4,200lb,1998-07-28,1st,8th,2017,False
Royce O'Neale,6-4,226lb,1993-06-05,-1,-1,-1,True
Semi Ojeleye,6-6,240lb,1994-12-05,2nd,37th,2017,False
Cedi Osman,6-7,230lb,1995-04-08,2nd,31st,2015,False
Marcus Paige,6-1,175lb,1993-09-11,2nd,55th,2016,False
Justin Patton,6-11,241lb,1997-06-14,1st,16th,2017,False
Brandon Paul,6-4,200lb,1991-04-30,-1,-1,-1,True
London Perrantes,6-2,200lb,1994-10-03,-1,-1,-1,True
Alec Peters,6-9,232lb,1995-04-13,2nd,54th,2017,False
Jacob Pullen,6-1,200lb,1989-11-10,-1,-1,-1,True
Rodney Purvis,6-4,205lb,1994-02-14,-1,-1,-1,True
Zhou Qi,7-1,210lb,1996-01-16,2nd,43rd,2016,False
Ivan Rabb,6-10,220lb,1997-02-04,2nd,35th,2017,False
Xavier Rathan-Mayes,6-4,208lb,1994-04-29,-1,-1,-1,True
Davon Reed,6-5,208lb,1995-06-11,2nd,32nd,2017,False
Devin Robinson,6-8,200lb,1995-03-07,-1,-1,-1,True
Ben Simmons,6-11,240lb,1996-07-20,1st,1st,2016,False
Kobi Simmons,6-5,166lb,1997-07-04,-1,-1,-1,True
Dennis Smith Jr.,6-2,205lb,1997-11-25,1st,9th,2017,False
Edmond Sumner,6-4,196lb,1995-12-31,2nd,52nd,2017,False
Caleb Swanigan,6-9,260lb,1997-04-18,1st,26th,2017,False
Jayson Tatum,6-8,210lb,1998-03-03,1st,3rd,2017,False
Miloš Teodosić,6-5,196lb,1987-03-19,-1,-1,-1,True
Daniel Theis,6-8,245lb,1992-04-04,-1,-1,-1,True
Sindarius Thornwell,6-4,215lb,1994-11-15,2nd,48th,2017,False
Tyrone Wallace,6-5,198lb,1994-06-10,2nd,60th,2016,False
Derrick Walton,6-0,189lb,1995-04-03,-1,-1,-1,True
Jameel Warney,6-8,260lb,1994-01-31,-1,-1,-1,True
James Webb III,6-9,202lb,1993-08-19,-1,-1,-1,True
Andrew White,6-7,210lb,1993-06-16,-1,-1,-1,True
Derrick White,6-4,190lb,1994-07-02,1st,29th,2017,False
Jacob Wiley,6-7,215lb,1994-09-04,-1,-1,-1,True
C.J. Williams,6-5,226lb,1990-02-06,-1,-1,-1,True
Matt Williams,6-5,210lb,1993-10-14,-1,-1,-1,True
D.J. Wilson,6-10,231lb,1996-02-19,1st,17th,2017,False
Jamil Wilson,6-7,230lb,1990-11-21,-1,-1,-1,True
Guerschon Yabusele,6-8,260lb,1995-12-17,1st,16th,2016,False
Ante Žižić,6-10,266lb,1997-01-04,1st,23rd,2016,False
Jaylen Adams,6-0,225lb,1996-05-04,-1,-1,-1,True
Deng Adel,6-7,200lb,1997-02-01,-1,-1,-1,True
DeVaughn Akoon-Purcell,6-6,200lb,1993-06-05,-1,-1,-1,True
Rawle Alkins,6-5,225lb,1997-10-29,-1,-1,-1,True
Grayson Allen,6-4,198lb,1995-10-08,1st,21st,2018,False
Kostas Antetokounmpo,6-10,200lb,1997-11-20,2nd,60th,2018,False
Deandre Ayton,6-11,250lb,1998-07-23,1st,1st,2018,False
Marvin Bagley III,6-11,235lb,1999-03-14,1st,2nd,2018,False
Mo Bamba,7-0,231lb,1998-05-12,1st,6th,2018,False
Keita Bates-Diop,6-8,229lb,1996-01-23,2nd,48th,2018,False
Dairis Bertāns,6-4,200lb,1989-09-09,-1,-1,-1,True
Jaron Blossomgame,6-8,220lb,1993-09-16,2nd,59th,2017,False
Jonah Bolden,6-8,220lb,1996-01-02,2nd,36th,2017,False
Isaac Bonga,6-8,180lb,1999-11-08,2nd,39th,2018,False
Mikal Bridges,6-6,209lb,1996-08-30,1st,10th,2018,False
Miles Bridges,6-6,225lb,1998-03-21,1st,12th,2018,False
Isaiah Briscoe,6-3,215lb,1996-04-13,-1,-1,-1,True
Ryan Broekhoff,6-6,215lb,1990-08-23,-1,-1,-1,True
Bruce Brown,6-4,202lb,1996-08-15,2nd,42nd,2018,False
Troy Brown Jr.,6-6,215lb,1999-07-28,1st,15th,2018,False
Jalen Brunson,6-1,190lb,1996-08-31,2nd,33rd,2018,False
Deonte Burton,6-4,240lb,1994-01-31,-1,-1,-1,True
Jevon Carter,6-1,200lb,1995-09-14,2nd,32nd,2018,False
Wendell Carter Jr.,6-10,270lb,1999-04-16,1st,7th,2018,False
Troy Caupain,6-4,210lb,1995-11-29,-1,-1,-1,True
Joe Chealey,6-3,190lb,1995-11-01,-1,-1,-1,True
Chris Chiozza,5-11,175lb,1995-11-21,-1,-1,-1,True
Gary Clark,6-6,225lb,1994-11-16,-1,-1,-1,True
Bonzie Colson,6-6,224lb,1996-01-12,-1,-1,-1,True
Mitch Creek,6-5,216lb,1992-04-27,-1,-1,-1,True
Tyler Davis,6-10,266lb,1997-05-22,-1,-1,-1,True
Ángel Delgado,6-10,245lb,1994-11-20,-1,-1,-1,True
Marcus Derrickson,6-7,249lb,1996-02-01,-1,-1,-1,True
Hamidou Diallo,6-5,202lb,1998-07-31,2nd,45th,2018,False
Donte DiVincenzo,6-4,203lb,1997-01-31,1st,17th,2018,False
Luka Dončić,6-7,230lb,1999-02-28,1st,3rd,2018,False
Trevon Duval,6-2,189lb,1998-08-03,-1,-1,-1,True
Vince Edwards,6-8,225lb,1996-04-05,2nd,52nd,2018,False
Drew Eubanks,6-9,245lb,1997-02-01,-1,-1,-1,True
Jacob Evans,6-4,210lb,1997-06-18,1st,28th,2018,False
Melvin Frazier,6-5,215lb,1996-08-30,2nd,35th,2018,False
Billy Garrett,6-6,213lb,1994-10-16,-1,-1,-1,True
Harry Giles,6-11,240lb,1998-04-22,1st,20th,2017,False
Shai Gilgeous-Alexander,6-6,180lb,1998-07-12,1st,11th,2018,False
Brandon Goodwin,6-0,180lb,1995-10-02,-1,-1,-1,True
Devonte' Graham,6-1,195lb,1995-02-22,2nd,34th,2018,False
Donte Grantham,6-8,215lb,1995-03-19,-1,-1,-1,True
Dusty Hannahs,6-3,210lb,1993-09-02,-1,-1,-1,True
Isaiah Hartenstein,7-0,250lb,1998-05-05,2nd,43rd,2017,False
Haywood Highsmith,6-7,220lb,1996-12-09,-1,-1,-1,True
Aaron Holiday,6-0,185lb,1996-09-30,1st,23rd,2018,False
Kevin Huerter,6-7,190lb,1998-08-27,1st,19th,2018,False
Isaac Humphries,7-0,255lb,1998-01-05,-1,-1,-1,True
Chandler Hutchison,6-6,210lb,1996-04-26,1st,22nd,2018,False
Frank Jackson,6-3,205lb,1998-05-04,2nd,31st,2017,False
Jaren Jackson Jr.,6-11,242lb,1999-09-15,1st,4th,2018,False
Amile Jefferson,6-9,222lb,1993-05-07,-1,-1,-1,True
Alize Johnson,6-7,212lb,1996-04-22,2nd,50th,2018,False
B.J. Johnson,6-7,200lb,1995-12-21,-1,-1,-1,True
Jemerrio Jones,6-5,174lb,1995-04-09,-1,-1,-1,True
George King,6-6,225lb,1994-01-15,2nd,59th,2018,False
Kevin Knox,6-7,215lb,1999-08-11,1st,9th,2018,False
Rodions Kurucs,6-9,228lb,1998-02-05,2nd,40th,2018,False
Zach Lofton,6-4,180lb,1992-11-18,-1,-1,-1,True
Jordan Loyd,6-4,210lb,1993-07-27,-1,-1,-1,True
Daryl Macon,6-2,185lb,1995-11-29,-1,-1,-1,True
J.P. Macura,6-5,203lb,1995-06-05,-1,-1,-1,True
Yante Maten,6-8,240lb,1996-08-14,-1,-1,-1,True
Tahjere McCall,6-5,195lb,1994-08-17,-1,-1,-1,True
De'Anthony Melton,6-2,200lb,1998-05-28,2nd,46th,2018,False
Chimezie Metu,6-9,225lb,1997-03-22,2nd,49th,2018,False
Shake Milton,6-5,205lb,1996-09-26,2nd,54th,2018,False
Džanan Musa,6-9,217lb,1999-05-08,1st,29th,2018,False
Svi Mykhailiuk,6-7,205lb,1997-06-10,2nd,47th,2018,False
Elie Okobo,6-3,190lb,1997-10-23,2nd,31st,2018,False
Josh Okogie,6-4,213lb,1998-09-01,1st,20th,2018,False
Theo Pinson,6-5,212lb,1995-11-05,-1,-1,-1,True
Cameron Reynolds,6-7,225lb,1995-02-07,-1,-1,-1,True
Duncan Robinson,6-7,215lb,1994-04-22,-1,-1,-1,True
Jerome Robinson,6-4,190lb,1997-02-22,1st,13th,2018,False
Mitchell Robinson,7-0,240lb,1998-04-01,2nd,36th,2018,False
Brandon Sampson,6-5,184lb,1997-05-01,-1,-1,-1,True
Collin Sexton,6-1,190lb,1999-01-04,1st,8th,2018,False
Landry Shamet,6-4,190lb,1997-03-13,1st,26th,2018,False
Jordan Sibert,6-4,187lb,1992-08-01,-1,-1,-1,True
Anfernee Simons,6-3,181lb,1999-06-08,1st,24th,2018,False
Zhaire Smith,6-3,205lb,1999-06-04,1st,16th,2018,False
Ray Spalding,6-10,215lb,1997-03-11,2nd,56th,2018,False
Omari Spellman,6-8,245lb,1997-07-21,1st,30th,2018,False
Jared Terrell,6-3,227lb,1995-02-10,-1,-1,-1,True
Emanuel Terry,6-9,220lb,1996-08-21,-1,-1,-1,True
Khyri Thomas,6-3,210lb,1996-05-08,2nd,38th,2018,False
Gary Trent Jr.,6-5,209lb,1999-01-18,2nd,37th,2018,False
Allonzo Trier,6-4,200lb,1996-01-17,-1,-1,-1,True
Jarred Vanderbilt,6-9,214lb,1999-04-03,2nd,41st,2018,False
Moritz Wagner,6-11,245lb,1997-04-26,1st,25th,2018,False
Lonnie Walker IV,6-4,204lb,1998-12-14,1st,18th,2018,False
Brad Wanamaker,6-3,210lb,1989-07-25,-1,-1,-1,True
Julian Washburn,6-8,210lb,1991-12-18,-1,-1,-1,True
Yuta Watanabe,6-9,215lb,1994-10-13,-1,-1,-1,True
Thomas Welsh,7-0,255lb,1996-02-03,2nd,58th,2018,False
Johnathan Williams,6-9,228lb,1995-05-22,-1,-1,-1,True
Kenrich Williams,6-6,210lb,1994-12-02,-1,-1,-1,True
Robert Williams,6-8,237lb,1997-10-17,1st,27th,2018,False
Trae Young,6-1,164lb,1998-09-19,1st,5th,2018,False
Kyle Alexander,6-11,220lb,1996-10-21,-1,-1,-1,True
Nickeil Alexander-Walker,6-6,205lb,1998-09-02,1st,17th,2019,False
RJ Barrett,6-6,214lb,2000-06-14,1st,3rd,2019,False
Darius Bazley,6-8,208lb,2000-06-12,1st,23rd,2019,False
Goga Bitadze,6-11,250lb,1999-07-20,1st,18th,2019,False
Bol Bol,7-2,220lb,1999-11-16,2nd,44th,2019,False
Marques Bolden,6-10,249lb,1998-04-17,-1,-1,-1,True
Jordan Bone,6-2,180lb,1997-11-05,2nd,57th,2019,False
Brian Bowen,6-6,190lb,1998-10-02,-1,-1,-1,True
Ky Bowman,6-1,187lb,1997-06-16,-1,-1,-1,True
Jarrell Brantley,6-5,250lb,1996-06-07,2nd,50th,2019,False
Ignas Brazdeikis,6-6,221lb,1999-01-08,2nd,47th,2019,False
Oshae Brissett,6-7,210lb,1998-06-20,-1,-1,-1,True
Charlie Brown Jr.,6-6,199lb,1997-02-02,-1,-1,-1,True
Moses Brown,7-2,245lb,1999-10-13,-1,-1,-1,True
Devontae Cacok,6-7,240lb,1996-10-08,-1,-1,-1,True
Vlatko Čančar,6-8,236lb,1997-04-10,2nd,49th,2017,False
Zylan Cheatham,6-5,220lb,1995-11-17,-1,-1,-1,True
Brandon Clarke,6-8,215lb,1996-09-19,1st,21st,2019,False
Nic Claxton,6-11,215lb,1999-04-17,2nd,31st,2019,False
Chris Clemons,5-9,180lb,1997-07-23,-1,-1,-1,True
Amir Coffey,6-7,210lb,1997-06-17,-1,-1,-1,True
Tyler Cook,6-8,255lb,1997-09-23,-1,-1,-1,True
Jarrett Culver,6-6,195lb,1999-02-20,1st,6th,2019,False
Terence Davis,6-4,201lb,1997-05-16,-1,-1,-1,True
Luguentz Dort,6-3,215lb,1999-04-19,-1,-1,-1,True
Sekou Doumbouya,6-8,230lb,2000-12-23,1st,15th,2019,False
Carsen Edwards,5-11,200lb,1998-03-12,2nd,33rd,2019,False
Tacko Fall,7-6,311lb,1995-12-10,-1,-1,-1,True
Bruno Fernando,6-9,240lb,1998-08-15,2nd,34th,2019,False
Michael Frazier,6-3,200lb,1994-03-08,-1,-1,-1,True
Wenyen Gabriel,6-9,205lb,1997-03-26,-1,-1,-1,True
Daniel Gafford,6-10,234lb,1998-10-01,2nd,38th,2019,False
Darius Garland,6-1,192lb,2000-01-26,1st,5th,2019,False
Javonte Green,6-4,205lb,1993-07-23,-1,-1,-1,True
Marko Guduric,6-6,201lb,1995-03-08,-1,-1,-1,True
Kyle Guy,6-1,167lb,1997-08-11,2nd,55th,2019,False
Rui Hachimura,6-8,230lb,1998-02-08,1st,9th,2019,False
Devon Hall,6-2,215lb,1995-07-07,2nd,53rd,2018,False
Donta Hall,6-9,232lb,1997-08-07,-1,-1,-1,True
Jared Harper,5-10,175lb,1997-09-14,-1,-1,-1,True
Jaxson Hayes,6-11,220lb,2000-05-23,1st,8th,2019,False
Dewan Hernandez,6-10,235lb,1996-12-09,2nd,59th,2019,False
Tyler Herro,6-5,195lb,2000-01-20,1st,13th,2019,False
Kevin Hervey,6-9,230lb,1996-07-09,2nd,57th,2018,False
Jaylen Hoard,6-8,216lb,1999-03-30,-1,-1,-1,True
Talen Horton-Tucker,6-4,234lb,2000-11-25,2nd,46th,2019,False
William Howard,6-8,207lb,1993-10-25,-1,-1,-1,True
De'Andre Hunter,6-8,225lb,1997-12-02,1st,4th,2019,False
Justin James,6-7,190lb,1997-01-24,2nd,40th,2019,False
DaQuan Jeffries,6-5,230lb,1997-08-30,-1,-1,-1,True
Ty Jerome,6-5,195lb,1997-07-08,1st,24th,2019,False
Cameron Johnson,6-8,210lb,1996-03-03,1st,11th,2019,False
Keldon Johnson,6-5,220lb,1999-10-11,1st,29th,2019,False
Mfiondu Kabengele,6-9,250lb,1997-08-14,1st,27th,2019,False
Stanton Kidd,6-6,215lb,1992-03-18,-1,-1,-1,True
Louis King,6-7,205lb,1999-04-06,-1,-1,-1,True
John Konchar,6-5,210lb,1996-03-22,-1,-1,-1,True
Romeo Langford,6-4,216lb,1999-10-25,1st,14th,2019,False
Vic Law,6-7,200lb,1995-12-19,-1,-1,-1,True
Jalen Lecque,6-4,185lb,2000-06-13,-1,-1,-1,True
Nassir Little,6-5,220lb,2000-02-11,1st,25th,2019,False
Terance Mann,6-5,215lb,1996-10-18,2nd,48th,2019,False
Caleb Martin,6-5,205lb,1995-09-28,-1,-1,-1,True
Cody Martin,6-5,205lb,1995-09-28,2nd,36th,2019,False
Jeremiah Martin,6-3,185lb,1996-06-19,-1,-1,-1,True
Kelan Martin,6-5,230lb,1995-08-03,-1,-1,-1,True
Garrison Mathews,6-5,215lb,1996-10-24,-1,-1,-1,True
Jalen McDaniels,6-9,205lb,1998-01-31,2nd,52nd,2019,False
Jordan McLaughlin,5-11,185lb,1996-04-09,-1,-1,-1,True
Nicolò Melli,6-9,236lb,1991-01-26,-1,-1,-1,True
Eric Mika,6-10,230lb,1995-01-05,-1,-1,-1,True
Adam Mokoka,6-4,190lb,1998-07-18,-1,-1,-1,True
Matt Mooney,6-3,199lb,1997-02-07,-1,-1,-1,True
Ja Morant,6-3,174lb,1999-08-10,1st,2nd,2019,False
Juwan Morgan,6-7,232lb,1997-04-17,-1,-1,-1,True
Mychal Mulder,6-3,184lb,1994-06-12,-1,-1,-1,True
Malik Newman,6-3,190lb,1997-02-21,-1,-1,-1,True
Zach Norvell,6-5,206lb,1997-12-09,-1,-1,-1,True
Jaylen Nowell,6-4,201lb,1999-07-09,2nd,43rd,2019,False
Kendrick Nunn,6-2,190lb,1995-08-03,-1,-1,-1,True
KZ Okpala,6-8,215lb,1999-04-28,2nd,32nd,2019,False
Miye Oni,6-5,206lb,1997-08-04,2nd,58th,2019,False
Tariq Owens,6-10,205lb,1995-06-30,-1,-1,-1,True
Eric Paschall,6-6,255lb,1996-11-04,2nd,41st,2019,False
Anžejs Pasečņiks,7-1,229lb,1995-12-20,1st,25th,2017,False
Norvel Pelle,6-10,231lb,1993-02-03,-1,-1,-1,True
Vincent Poirier,7-0,235lb,1993-10-17,-1,-1,-1,True
Shamorie Ponds,6-0,180lb,1998-06-29,-1,-1,-1,True
Jordan Poole,6-4,194lb,1999-06-19,1st,28th,2019,False
Kevin Porter Jr.,6-4,203lb,2000-05-04,1st,30th,2019,False
Michael Porter Jr.,6-10,218lb,1998-06-29,1st,14th,2018,False
Josh Reaves,6-4,214lb,1997-06-04,-1,-1,-1,True
Cam Reddish,6-8,218lb,1999-09-01,1st,10th,2019,False
Naz Reid,6-9,264lb,1999-08-26,-1,-1,-1,True
Justin Robinson,6-1,195lb,1997-10-12,-1,-1,-1,True
Isaiah Roby,6-8,230lb,1998-02-03,2nd,45th,2019,False
Luka Šamanić,6-10,227lb,2000-01-09,1st,19th,2019,False
Admiral Schofield,6-5,241lb,1997-03-30,2nd,42nd,2019,False
Marial Shayok,6-5,198lb,1995-07-26,2nd,54th,2019,False
Chris Silva,6-8,234lb,1996-09-19,-1,-1,-1,True
Alen Smailagić,6-10,215lb,2000-08-18,2nd,39th,2019,False
Max Strus,6-5,215lb,1996-03-28,-1,-1,-1,True
Matt Thomas,6-4,190lb,1994-08-04,-1,-1,-1,True
Matisse Thybulle,6-5,201lb,1997-03-04,1st,20th,2019,False
Juan Toscano-Anderson,6-6,209lb,1993-04-10,-1,-1,-1,True
Rayjon Tucker,6-3,209lb,1997-09-24,-1,-1,-1,True
Gabe Vincent,6-3,200lb,1996-06-14,-1,-1,-1,True
Dean Wade,6-9,228lb,1996-11-20,-1,-1,-1,True
P.J. Washington,6-7,230lb,1998-08-23,1st,12th,2019,False
Tremont Waters,5-10,175lb,1998-01-10,2nd,51st,2019,False
Paul Watson,6-6,210lb,1994-12-30,-1,-1,-1,True
Quinndary Weatherspoon,6-3,205lb,1996-09-10,2nd,49th,2019,False
Coby White,6-5,195lb,2000-02-16,1st,7th,2019,False
Grant Williams,6-6,236lb,1998-11-30,1st,22nd,2019,False
Nigel Williams-Goss,6-2,190lb,1994-09-16,2nd,55th,2017,False
Zion Williamson,6-6,284lb,2000-07-06,1st,1st,2019,False
Justin Wright-Foreman,6-0,190lb,1997-10-27,2nd,53rd,2019,False
Precious Achiuwa,6-8,225lb,1999-09-19,1st,20th,2020,False
Ty-Shon Alexander,6-3,195lb,1998-07-16,-1,-1,-1,True
Cole Anthony,6-2,185lb,2000-05-15,1st,15th,2020,False
Deni Avdija,6-9,210lb,2001-01-03,1st,9th,2020,False
Udoka Azubuike,6-10,280lb,1999-09-17,1st,27th,2020,False
LaMelo Ball,6-7,180lb,2001-08-22,1st,3rd,2020,False
Desmond Bane,6-5,215lb,1998-06-25,1st,30th,2020,False
Saddiq Bey,6-7,215lb,1999-04-09,1st,19th,2020,False
Tyler Bey,6-7,215lb,1998-02-10,2nd,36th,2020,False
Keljin Blevins,6-4,200lb,1995-11-24,-1,-1,-1,True
Amida Brimah,6-10,230lb,1994-02-11,-1,-1,-1,True
Armoni Brooks,6-3,195lb,1998-06-05,-1,-1,-1,True
Elijah Bryant,6-5,210lb,1995-04-19,-1,-1,-1,True
Facundo Campazzo,5-10,195lb,1991-03-23,-1,-1,-1,True
Devin Cannady,6-2,183lb,1996-05-21,-1,-1,-1,True
Vernon Carey Jr.,6-9,270lb,2001-02-25,2nd,32nd,2020,False
Nate Darling,6-6,200lb,1998-08-30,-1,-1,-1,True
Gabriel Deck,6-8,232lb,1995-02-08,-1,-1,-1,True
Mamadi Diakite,6-9,228lb,1997-01-21,-1,-1,-1,True
Devon Dotson,6-2,185lb,1999-08-02,-1,-1,-1,True
Anthony Edwards,6-4,225lb,2001-08-05,1st,1st,2020,False
CJ Elleby,6-6,200lb,2000-06-16,2nd,46th,2020,False
Malik Fitts,6-8,230lb,1997-07-04,-1,-1,-1,True
Malachi Flynn,6-1,175lb,1998-05-10,1st,29th,2020,False
Trent Forrest,6-4,210lb,1998-06-12,-1,-1,-1,True
Robert Franks,6-7,225lb,1996-12-18,-1,-1,-1,True
Anthony Gill,6-7,230lb,1992-10-17,-1,-1,-1,True
Freddie Gillespie,6-9,245lb,1997-06-14,-1,-1,-1,True
Josh Green,6-5,200lb,2000-11-16,1st,18th,2020,False
Ashton Hagans,6-3,190lb,1999-07-08,-1,-1,-1,True
Tyrese Haliburton,6-5,185lb,2000-02-29,1st,12th,2020,False
Josh Hall,6-9,190lb,2000-10-08,-1,-1,-1,True
R.J. Hampton,6-4,175lb,2001-02-07,1st,24th,2020,False
Jalen Harris,6-5,195lb,1998-08-14,2nd,59th,2020,False
Killian Hayes,6-5,195lb,2001-07-27,1st,7th,2020,False
Nate Hinton,6-5,210lb,1999-06-08,-1,-1,-1,True
Markus Howard,5-10,175lb,1999-03-03,-1,-1,-1,True
Elijah Hughes,6-5,215lb,1998-03-10,2nd,39th,2020,False
Isaiah Joe,6-4,165lb,1999-07-02,2nd,49th,2020,False
Mason Jones,6-4,200lb,1998-07-21,-1,-1,-1,True
Tre Jones,6-1,185lb,2000-01-08,2nd,41st,2020,False
Nathan Knight,6-10,253lb,1997-09-20,-1,-1,-1,True
Anthony Lamb,6-6,227lb,1998-01-20,-1,-1,-1,True
Saben Lee,6-2,183lb,1999-06-23,2nd,38th,2020,False
Kira Lewis Jr.,6-1,170lb,2001-04-06,1st,13th,2020,False
Didi Louzada,6-5,188lb,1999-02-07,2nd,35th,2019,False
Will Magnay,6-10,234lb,1998-06-10,-1,-1,-1,True
Théo Maledon,6-4,175lb,2001-06-12,2nd,34th,2020,False
Karim Mané,6-3,190lb,2000-05-16,-1,-1,-1,True
Nico Mannion,6-2,190lb,2001-03-14,2nd,48th,2020,False
Naji Marshall,6-7,220lb,1998-01-24,-1,-1,-1,True
Kenyon Martin Jr.,6-6,215lb,2001-01-06,2nd,52nd,2020,False
Dakota Mathias,6-4,200lb,1995-07-11,-1,-1,-1,True
Tyrese Maxey,6-2,200lb,2000-11-04,1st,21st,2020,False
Skylar Mays,6-4,205lb,1997-09-05,2nd,50th,2020,False
Jaden McDaniels,6-9,185lb,2000-09-29,1st,28th,2020,False
Sean McDermott,6-6,195lb,1996-11-03,-1,-1,-1,True
Sam Merrill,6-4,205lb,1996-05-15,2nd,60th,2020,False
Aaron Nesmith,6-5,215lb,1999-10-16,1st,14th,2020,False
Zeke Nnaji,6-9,240lb,2001-01-09,1st,22nd,2020,False
Jordan Nwora,6-8,225lb,1998-09-09,2nd,45th,2020,False
Chuma Okeke,6-6,229lb,1998-08-18,1st,16th,2019,False
Onyeka Okongwu,6-8,235lb,2000-12-11,1st,6th,2020,False
Isaac Okoro,6-5,225lb,2001-01-26,1st,5th,2020,False
Cameron Oliver,6-8,239lb,1996-07-11,-1,-1,-1,True
Daniel Oturu,6-8,240lb,1999-09-20,2nd,33rd,2020,False
Reggie Perry,6-8,250lb,2000-03-21,2nd,57th,2020,False
Aleksej Pokusevski,7-0,190lb,2001-12-26,1st,17th,2020,False
Jontay Porter,6-11,240lb,1999-11-15,-1,-1,-1,True
Payton Pritchard,6-1,195lb,1998-01-28,1st,26th,2020,False
Immanuel Quickley,6-3,190lb,1999-06-17,1st,25th,2020,False
Jahmi'us Ramsey,6-3,190lb,2001-06-09,2nd,43rd,2020,False
Paul Reed,6-9,210lb,1999-06-14,2nd,58th,2020,False
Nick Richards,7-0,245lb,1997-11-29,2nd,42nd,2020,False
Grant Riller,6-2,190lb,1997-02-08,2nd,56th,2020,False
Jay Scrubb,6-5,220lb,2000-09-01,2nd,55th,2020,False
Deividas Sirvydis,6-8,190lb,2000-06-10,2nd,37th,2019,False
Jalen Smith,6-10,215lb,2000-03-16,1st,10th,2020,False
Cassius Stanley,6-5,190lb,1999-08-18,2nd,54th,2020,False
Lamar Stevens,6-6,230lb,1997-07-09,-1,-1,-1,True
Isaiah Stewart,6-8,250lb,2001-05-22,1st,16th,2020,False
Jae'Sean Tate,6-4,230lb,1995-10-28,-1,-1,-1,True
Tyrell Terry,6-2,160lb,2000-09-28,2nd,31st,2020,False
Brodric Thomas,6-5,185lb,1997-01-28,-1,-1,-1,True
Killian Tillie,6-9,220lb,1998-03-05,-1,-1,-1,True
Xavier Tillman Sr.,6-8,245lb,1999-01-12,2nd,35th,2020,False
Obi Toppin,6-9,220lb,1998-03-04,1st,8th,2020,False
Devin Vassell,6-5,200lb,2000-08-23,1st,11th,2020,False
Greg Whittington,6-8,210lb,1993-02-07,-1,-1,-1,True
Patrick Williams,6-7,215lb,2001-08-26,1st,4th,2020,False
Dylan Windler,6-6,196lb,1996-09-22,1st,26th,2019,False
Cassius Winston,6-1,185lb,1998-02-28,2nd,53rd,2020,False
James Wiseman,7-0,240lb,2001-03-31,1st,2nd,2020,False
Robert Woodard II,6-6,235lb,1999-09-22,2nd,40th,2020,False
